investor_id,sip_count,continuity_status
INV000001,2,Inactive
INV000002,3,Active
INV000003,2,Inactive
INV000004,6,Active
INV000005,3,Active
INV000006,5,Active
INV000007,5,Active
INV000008,6,Active
INV000009,4,Active
INV000010,6,Active
INV000011,7,Active
INV000012,8,Active
INV000013,7,Active
INV000014,7,Active
INV000015,1,Inactive
INV000016,1,Inactive
INV000017,1,Inactive
INV000018,2,Inactive
INV000019,3,Active
INV000020,2,Inactive
INV000021,3,Active
INV000022,2,Inactive
INV000023,8,Active
INV000024,5,Active
INV000025,1,Inactive
INV000026,4,Active
INV000027,2,Inactive
INV000028,6,Active
INV000029,7,Active
INV000030,9,Active
INV000031,3,Active
INV000032,4,Active
INV000033,8,Active
INV000034,1,Inactive
INV000035,2,Inactive
INV000036,2,Inactive
INV000037,2,Inactive
INV000038,4,Active
INV000039,6,Active
INV000040,5,Active
INV000041,1,Inactive
INV000042,4,Active
INV000043,1,Inactive
INV000044,2,Inactive
INV000045,6,Active
INV000046,4,Active
INV000047,2,Inactive
INV000048,9,Active
INV000049,3,Active
INV000050,2,Inactive
INV000051,3,Active
INV000052,6,Active
INV000053,2,Inactive
INV000054,5,Active
INV000055,5,Active
INV000056,6,Active
INV000057,8,Active
INV000058,5,Active
INV000059,1,Inactive
INV000060,2,Inactive
INV000061,3,Active
INV000062,5,Active
INV000063,3,Active
INV000065,4,Active
INV000066,2,Inactive
INV000067,1,Inactive
INV000069,10,Active
INV000070,3,Active
INV000071,4,Active
INV000072,6,Active
INV000073,9,Active
INV000074,8,Active
INV000075,6,Active
INV000076,6,Active
INV000078,1,Inactive
INV000079,6,Active
INV000080,4,Active
INV000081,7,Active
INV000082,7,Active
INV000083,1,Inactive
INV000084,4,Active
INV000085,5,Active
INV000086,10,Active
INV000087,6,Active
INV000088,2,Inactive
INV000089,4,Active
INV000090,3,Active
INV000091,8,Active
INV000092,3,Active
INV000093,7,Active
INV000094,6,Active
INV000095,6,Active
INV000096,2,Inactive
INV000097,7,Active
INV000098,5,Active
INV000099,5,Active
INV000100,3,Active
INV000101,8,Active
INV000102,8,Active
INV000103,6,Active
INV000104,5,Active
INV000105,8,Active
INV000106,2,Inactive
INV000107,3,Active
INV000108,3,Active
INV000109,9,Active
INV000110,3,Active
INV000111,1,Inactive
INV000112,3,Active
INV000113,8,Active
INV000114,1,Inactive
INV000115,4,Active
INV000116,3,Active
INV000117,4,Active
INV000118,5,Active
INV000119,2,Inactive
INV000120,3,Active
INV000121,2,Inactive
INV000122,1,Inactive
INV000123,7,Active
INV000124,4,Active
INV000125,5,Active
INV000126,1,Inactive
INV000127,1,Inactive
INV000128,6,Active
INV000129,5,Active
INV000130,2,Inactive
INV000131,7,Active
INV000132,6,Active
INV000133,6,Active
INV000134,3,Active
INV000135,3,Active
INV000136,1,Inactive
INV000137,4,Active
INV000138,6,Active
INV000139,1,Inactive
INV000140,2,Inactive
INV000141,1,Inactive
INV000143,4,Active
INV000144,3,Active
INV000145,6,Active
INV000146,6,Active
INV000147,4,Active
INV000148,9,Active
INV000150,5,Active
INV000151,3,Active
INV000152,1,Inactive
INV000153,4,Active
INV000154,5,Active
INV000155,7,Active
INV000156,4,Active
INV000158,5,Active
INV000159,3,Active
INV000160,3,Active
INV000161,7,Active
INV000162,2,Inactive
INV000163,8,Active
INV000164,6,Active
INV000165,4,Active
INV000166,4,Active
INV000167,5,Active
INV000168,1,Inactive
INV000169,7,Active
INV000170,2,Inactive
INV000171,2,Inactive
INV000172,4,Active
INV000173,7,Active
INV000174,5,Active
INV000175,7,Active
INV000176,3,Active
INV000177,8,Active
INV000178,2,Inactive
INV000179,5,Active
INV000180,6,Active
INV000181,3,Active
INV000182,5,Active
INV000183,9,Active
INV000184,1,Inactive
INV000185,2,Inactive
INV000189,3,Active
INV000190,5,Active
INV000191,7,Active
INV000192,5,Active
INV000193,4,Active
INV000194,7,Active
INV000195,6,Active
INV000196,7,Active
INV000197,1,Inactive
INV000198,1,Inactive
INV000199,4,Active
INV000200,4,Active
INV000201,9,Active
INV000202,2,Inactive
INV000203,5,Active
INV000204,2,Inactive
INV000205,8,Active
INV000206,1,Inactive
INV000207,5,Active
INV000208,1,Inactive
INV000209,1,Inactive
INV000210,8,Active
INV000211,5,Active
INV000212,1,Inactive
INV000213,4,Active
INV000214,6,Active
INV000215,5,Active
INV000216,4,Active
INV000217,6,Active
INV000218,1,Inactive
INV000219,3,Active
INV000220,5,Active
INV000221,5,Active
INV000222,4,Active
INV000223,5,Active
INV000224,4,Active
INV000225,4,Active
INV000226,4,Active
INV000227,3,Active
INV000228,9,Active
INV000229,5,Active
INV000230,5,Active
INV000231,5,Active
INV000232,1,Inactive
INV000233,1,Inactive
INV000234,5,Active
INV000235,4,Active
INV000236,8,Active
INV000237,1,Inactive
INV000238,6,Active
INV000239,8,Active
INV000240,1,Inactive
INV000241,3,Active
INV000242,3,Active
INV000243,6,Active
INV000244,4,Active
INV000245,6,Active
INV000246,4,Active
INV000248,1,Inactive
INV000249,7,Active
INV000251,2,Inactive
INV000252,6,Active
INV000253,1,Inactive
INV000254,2,Inactive
INV000255,6,Active
INV000256,6,Active
INV000257,5,Active
INV000258,1,Inactive
INV000259,6,Active
INV000260,8,Active
INV000261,4,Active
INV000262,8,Active
INV000263,8,Active
INV000264,1,Inactive
INV000265,10,Active
INV000266,4,Active
INV000267,5,Active
INV000268,7,Active
INV000269,2,Inactive
INV000270,2,Inactive
INV000271,2,Inactive
INV000272,4,Active
INV000273,1,Inactive
INV000274,5,Active
INV000275,2,Inactive
INV000276,4,Active
INV000277,1,Inactive
INV000278,2,Inactive
INV000279,9,Active
INV000280,9,Active
INV000281,1,Inactive
INV000282,2,Inactive
INV000283,6,Active
INV000284,4,Active
INV000285,2,Inactive
INV000286,5,Active
INV000287,7,Active
INV000288,5,Active
INV000289,8,Active
INV000290,1,Inactive
INV000291,6,Active
INV000292,7,Active
INV000293,7,Active
INV000294,5,Active
INV000295,2,Inactive
INV000296,2,Inactive
INV000297,6,Active
INV000298,5,Active
INV000299,6,Active
INV000300,3,Active
INV000301,5,Active
INV000302,1,Inactive
INV000303,3,Active
INV000304,7,Active
INV000305,4,Active
INV000306,3,Active
INV000307,2,Inactive
INV000308,5,Active
INV000309,8,Active
INV000310,7,Active
INV000311,3,Active
INV000312,5,Active
INV000313,2,Inactive
INV000314,4,Active
INV000315,4,Active
INV000316,5,Active
INV000317,4,Active
INV000318,6,Active
INV000319,7,Active
INV000320,5,Active
INV000321,7,Active
INV000322,3,Active
INV000323,3,Active
INV000325,2,Inactive
INV000326,3,Active
INV000327,2,Inactive
INV000328,9,Active
INV000329,4,Active
INV000330,4,Active
INV000331,8,Active
INV000332,4,Active
INV000333,4,Active
INV000334,7,Active
INV000335,6,Active
INV000336,2,Inactive
INV000337,5,Active
INV000338,1,Inactive
INV000339,6,Active
INV000340,5,Active
INV000341,8,Active
INV000342,1,Inactive
INV000343,2,Inactive
INV000344,5,Active
INV000345,1,Inactive
INV000346,1,Inactive
INV000347,1,Inactive
INV000348,2,Inactive
INV000349,4,Active
INV000350,2,Inactive
INV000351,5,Active
INV000352,5,Active
INV000353,1,Inactive
INV000354,3,Active
INV000355,1,Inactive
INV000356,6,Active
INV000357,3,Active
INV000358,1,Inactive
INV000359,9,Active
INV000360,5,Active
INV000361,3,Active
INV000363,7,Active
INV000364,3,Active
INV000366,4,Active
INV000367,4,Active
INV000368,1,Inactive
INV000369,6,Active
INV000370,5,Active
INV000371,8,Active
INV000372,7,Active
INV000373,2,Inactive
INV000374,4,Active
INV000376,1,Inactive
INV000377,5,Active
INV000378,3,Active
INV000379,3,Active
INV000380,6,Active
INV000381,1,Inactive
INV000382,1,Inactive
INV000383,5,Active
INV000384,5,Active
INV000385,4,Active
INV000386,1,Inactive
INV000387,3,Active
INV000388,9,Active
INV000389,3,Active
INV000390,3,Active
INV000391,1,Inactive
INV000392,7,Active
INV000393,2,Inactive
INV000394,5,Active
INV000395,7,Active
INV000396,6,Active
INV000397,4,Active
INV000399,10,Active
INV000400,6,Active
INV000401,4,Active
INV000402,4,Active
INV000403,6,Active
INV000404,1,Inactive
INV000405,2,Inactive
INV000406,1,Inactive
INV000407,6,Active
INV000408,6,Active
INV000409,2,Inactive
INV000410,5,Active
INV000411,4,Active
INV000412,8,Active
INV000413,5,Active
INV000414,8,Active
INV000415,7,Active
INV000416,2,Inactive
INV000417,4,Active
INV000418,6,Active
INV000419,3,Active
INV000420,1,Inactive
INV000421,4,Active
INV000422,1,Inactive
INV000423,3,Active
INV000424,1,Inactive
INV000425,3,Active
INV000426,2,Inactive
INV000427,7,Active
INV000428,8,Active
INV000429,6,Active
INV000430,4,Active
INV000431,5,Active
INV000432,3,Active
INV000433,5,Active
INV000434,1,Inactive
INV000435,1,Inactive
INV000436,5,Active
INV000437,6,Active
INV000438,2,Inactive
INV000439,5,Active
INV000440,8,Active
INV000441,6,Active
INV000442,3,Active
INV000443,2,Inactive
INV000444,6,Active
INV000445,9,Active
INV000446,6,Active
INV000449,6,Active
INV000450,1,Inactive
INV000452,9,Active
INV000453,4,Active
INV000454,3,Active
INV000455,2,Inactive
INV000456,5,Active
INV000457,6,Active
INV000458,5,Active
INV000459,4,Active
INV000460,6,Active
INV000461,3,Active
INV000462,2,Inactive
INV000463,7,Active
INV000465,4,Active
INV000466,7,Active
INV000467,10,Active
INV000468,1,Inactive
INV000469,7,Active
INV000470,2,Inactive
INV000471,3,Active
INV000472,1,Inactive
INV000473,4,Active
INV000474,5,Active
INV000475,2,Inactive
INV000476,3,Active
INV000477,1,Inactive
INV000478,2,Inactive
INV000479,2,Inactive
INV000480,5,Active
INV000481,4,Active
INV000482,3,Active
INV000483,8,Active
INV000484,1,Inactive
INV000485,4,Active
INV000487,5,Active
INV000488,4,Active
INV000489,4,Active
INV000490,2,Inactive
INV000491,6,Active
INV000492,4,Active
INV000493,10,Active
INV000494,4,Active
INV000495,5,Active
INV000496,5,Active
INV000497,7,Active
INV000498,1,Inactive
INV000499,7,Active
INV000500,3,Active
INV000501,3,Active
INV000502,1,Inactive
INV000503,1,Inactive
INV000504,1,Inactive
INV000505,4,Active
INV000506,3,Active
INV000507,7,Active
INV000509,3,Active
INV000510,2,Inactive
INV000511,4,Active
INV000512,9,Active
INV000513,2,Inactive
INV000514,4,Active
INV000516,1,Inactive
INV000517,3,Active
INV000518,1,Inactive
INV000519,3,Active
INV000520,3,Active
INV000521,3,Active
INV000522,6,Active
INV000523,5,Active
INV000524,7,Active
INV000525,5,Active
INV000526,3,Active
INV000527,6,Active
INV000528,1,Inactive
INV000529,6,Active
INV000530,3,Active
INV000531,7,Active
INV000532,5,Active
INV000533,4,Active
INV000534,1,Inactive
INV000535,4,Active
INV000536,2,Inactive
INV000537,2,Inactive
INV000538,3,Active
INV000539,7,Active
INV000540,7,Active
INV000541,2,Inactive
INV000542,4,Active
INV000543,7,Active
INV000544,4,Active
INV000545,6,Active
INV000546,9,Active
INV000547,6,Active
INV000548,4,Active
INV000549,6,Active
INV000550,4,Active
INV000551,3,Active
INV000552,5,Active
INV000553,6,Active
INV000554,6,Active
INV000555,2,Inactive
INV000556,8,Active
INV000557,5,Active
INV000558,4,Active
INV000559,3,Active
INV000560,3,Active
INV000561,1,Inactive
INV000562,6,Active
INV000563,7,Active
INV000564,2,Inactive
INV000565,2,Inactive
INV000566,7,Active
INV000567,6,Active
INV000568,6,Active
INV000569,5,Active
INV000570,8,Active
INV000571,1,Inactive
INV000572,3,Active
INV000573,7,Active
INV000574,2,Inactive
INV000575,6,Active
INV000576,5,Active
INV000577,5,Active
INV000578,7,Active
INV000579,1,Inactive
INV000580,5,Active
INV000581,7,Active
INV000583,3,Active
INV000584,5,Active
INV000585,5,Active
INV000586,7,Active
INV000587,5,Active
INV000588,1,Inactive
INV000589,9,Active
INV000590,3,Active
INV000591,7,Active
INV000592,4,Active
INV000593,6,Active
INV000594,1,Inactive
INV000595,5,Active
INV000596,9,Active
INV000597,6,Active
INV000598,4,Active
INV000599,7,Active
INV000600,4,Active
INV000601,5,Active
INV000602,5,Active
INV000603,4,Active
INV000604,4,Active
INV000605,1,Inactive
INV000606,4,Active
INV000607,7,Active
INV000608,6,Active
INV000609,6,Active
INV000611,5,Active
INV000612,11,Active
INV000613,2,Inactive
INV000614,2,Inactive
INV000615,7,Active
INV000616,5,Active
INV000617,1,Inactive
INV000618,2,Inactive
INV000619,5,Active
INV000620,1,Inactive
INV000621,2,Inactive
INV000622,5,Active
INV000623,4,Active
INV000624,7,Active
INV000625,6,Active
INV000626,3,Active
INV000627,1,Inactive
INV000628,2,Inactive
INV000629,4,Active
INV000630,7,Active
INV000631,6,Active
INV000632,1,Inactive
INV000633,5,Active
INV000634,9,Active
INV000635,6,Active
INV000636,3,Active
INV000637,3,Active
INV000638,4,Active
INV000639,3,Active
INV000640,1,Inactive
INV000641,6,Active
INV000642,9,Active
INV000643,4,Active
INV000644,4,Active
INV000645,6,Active
INV000646,7,Active
INV000647,1,Inactive
INV000648,4,Active
INV000649,5,Active
INV000650,3,Active
INV000651,6,Active
INV000652,6,Active
INV000653,2,Inactive
INV000654,1,Inactive
INV000656,3,Active
INV000657,8,Active
INV000658,5,Active
INV000659,4,Active
INV000660,5,Active
INV000661,5,Active
INV000662,8,Active
INV000663,6,Active
INV000664,4,Active
INV000665,10,Active
INV000666,5,Active
INV000667,6,Active
INV000668,3,Active
INV000669,1,Inactive
INV000670,3,Active
INV000671,4,Active
INV000672,2,Inactive
INV000673,6,Active
INV000674,1,Inactive
INV000675,6,Active
INV000676,11,Active
INV000677,1,Inactive
INV000678,7,Active
INV000679,3,Active
INV000680,2,Inactive
INV000681,3,Active
INV000682,2,Inactive
INV000683,9,Active
INV000684,3,Active
INV000685,1,Inactive
INV000686,1,Inactive
INV000687,3,Active
INV000688,2,Inactive
INV000689,5,Active
INV000690,8,Active
INV000691,6,Active
INV000692,1,Inactive
INV000693,2,Inactive
INV000695,5,Active
INV000696,4,Active
INV000698,9,Active
INV000699,6,Active
INV000700,3,Active
INV000701,7,Active
INV000702,2,Inactive
INV000703,3,Active
INV000704,5,Active
INV000705,2,Inactive
INV000706,5,Active
INV000707,9,Active
INV000708,4,Active
INV000709,7,Active
INV000710,6,Active
INV000711,4,Active
INV000713,3,Active
INV000714,9,Active
INV000715,5,Active
INV000716,1,Inactive
INV000717,4,Active
INV000718,7,Active
INV000719,7,Active
INV000720,5,Active
INV000721,4,Active
INV000722,3,Active
INV000723,5,Active
INV000724,6,Active
INV000725,7,Active
INV000726,2,Inactive
INV000727,3,Active
INV000728,5,Active
INV000729,4,Active
INV000730,1,Inactive
INV000731,2,Inactive
INV000732,4,Active
INV000733,2,Inactive
INV000734,8,Active
INV000735,4,Active
INV000736,5,Active
INV000737,6,Active
INV000738,4,Active
INV000739,4,Active
INV000740,1,Inactive
INV000741,5,Active
INV000742,4,Active
INV000743,3,Active
INV000744,4,Active
INV000745,4,Active
INV000746,2,Inactive
INV000747,6,Active
INV000748,2,Inactive
INV000749,5,Active
INV000750,9,Active
INV000751,9,Active
INV000752,3,Active
INV000753,3,Active
INV000754,7,Active
INV000755,3,Active
INV000756,4,Active
INV000757,3,Active
INV000758,5,Active
INV000759,7,Active
INV000760,2,Inactive
INV000761,7,Active
INV000762,2,Inactive
INV000763,1,Inactive
INV000764,5,Active
INV000765,4,Active
INV000766,3,Active
INV000767,3,Active
INV000768,8,Active
INV000769,5,Active
INV000770,1,Inactive
INV000771,4,Active
INV000772,6,Active
INV000774,7,Active
INV000775,4,Active
INV000776,8,Active
INV000777,6,Active
INV000778,8,Active
INV000779,6,Active
INV000780,1,Inactive
INV000781,4,Active
INV000782,5,Active
INV000783,6,Active
INV000784,2,Inactive
INV000785,6,Active
INV000786,9,Active
INV000787,1,Inactive
INV000788,4,Active
INV000789,8,Active
INV000790,1,Inactive
INV000791,4,Active
INV000792,2,Inactive
INV000793,8,Active
INV000794,1,Inactive
INV000795,1,Inactive
INV000796,3,Active
INV000797,4,Active
INV000798,1,Inactive
INV000799,5,Active
INV000800,4,Active
INV000801,3,Active
INV000802,1,Inactive
INV000803,7,Active
INV000804,3,Active
INV000806,4,Active
INV000808,3,Active
INV000809,4,Active
INV000810,5,Active
INV000811,2,Inactive
INV000813,4,Active
INV000814,6,Active
INV000815,2,Inactive
INV000816,3,Active
INV000818,2,Inactive
INV000819,3,Active
INV000820,2,Inactive
INV000821,2,Inactive
INV000822,7,Active
INV000823,7,Active
INV000824,3,Active
INV000825,3,Active
INV000826,3,Active
INV000827,8,Active
INV000828,1,Inactive
INV000829,5,Active
INV000830,6,Active
INV000831,5,Active
INV000832,2,Inactive
INV000833,8,Active
INV000834,3,Active
INV000835,1,Inactive
INV000836,6,Active
INV000837,1,Inactive
INV000838,2,Inactive
INV000839,1,Inactive
INV000840,3,Active
INV000841,3,Active
INV000842,1,Inactive
INV000843,6,Active
INV000844,7,Active
INV000845,3,Active
INV000846,3,Active
INV000847,6,Active
INV000848,1,Inactive
INV000849,4,Active
INV000850,3,Active
INV000851,5,Active
INV000852,3,Active
INV000853,10,Active
INV000854,9,Active
INV000855,3,Active
INV000856,5,Active
INV000857,4,Active
INV000858,9,Active
INV000859,2,Inactive
INV000860,5,Active
INV000861,5,Active
INV000862,6,Active
INV000863,1,Inactive
INV000864,6,Active
INV000865,9,Active
INV000866,1,Inactive
INV000867,2,Inactive
INV000868,1,Inactive
INV000869,6,Active
INV000870,5,Active
INV000871,1,Inactive
INV000872,1,Inactive
INV000873,7,Active
INV000874,9,Active
INV000875,1,Inactive
INV000876,4,Active
INV000877,6,Active
INV000878,2,Inactive
INV000879,3,Active
INV000880,4,Active
INV000881,10,Active
INV000882,1,Inactive
INV000883,2,Inactive
INV000884,2,Inactive
INV000885,5,Active
INV000886,1,Inactive
INV000887,7,Active
INV000888,7,Active
INV000889,2,Inactive
INV000890,3,Active
INV000891,4,Active
INV000892,3,Active
INV000893,7,Active
INV000894,6,Active
INV000895,3,Active
INV000896,2,Inactive
INV000897,3,Active
INV000898,2,Inactive
INV000899,1,Inactive
INV000900,2,Inactive
INV000901,6,Active
INV000902,5,Active
INV000904,3,Active
INV000905,1,Inactive
INV000906,3,Active
INV000907,6,Active
INV000908,4,Active
INV000909,4,Active
INV000910,5,Active
INV000911,1,Inactive
INV000912,4,Active
INV000913,4,Active
INV000914,5,Active
INV000915,4,Active
INV000916,1,Inactive
INV000918,2,Inactive
INV000919,3,Active
INV000920,6,Active
INV000921,2,Inactive
INV000922,4,Active
INV000923,1,Inactive
INV000924,1,Inactive
INV000925,3,Active
INV000926,6,Active
INV000927,5,Active
INV000928,1,Inactive
INV000929,7,Active
INV000930,8,Active
INV000931,5,Active
INV000933,3,Active
INV000934,2,Inactive
INV000935,9,Active
INV000936,1,Inactive
INV000937,1,Inactive
INV000938,2,Inactive
INV000939,8,Active
INV000940,1,Inactive
INV000941,2,Inactive
INV000942,7,Active
INV000943,1,Inactive
INV000944,3,Active
INV000945,1,Inactive
INV000946,3,Active
INV000947,4,Active
INV000948,2,Inactive
INV000949,7,Active
INV000950,6,Active
INV000951,1,Inactive
INV000953,3,Active
INV000954,5,Active
INV000955,3,Active
INV000956,1,Inactive
INV000957,4,Active
INV000958,3,Active
INV000959,5,Active
INV000960,3,Active
INV000961,4,Active
INV000962,5,Active
INV000963,3,Active
INV000964,2,Inactive
INV000965,1,Inactive
INV000966,2,Inactive
INV000967,2,Inactive
INV000968,2,Inactive
INV000969,4,Active
INV000970,4,Active
INV000971,7,Active
INV000972,5,Active
INV000974,7,Active
INV000975,1,Inactive
INV000977,10,Active
INV000978,4,Active
INV000979,6,Active
INV000980,8,Active
INV000981,6,Active
INV000982,3,Active
INV000983,4,Active
INV000984,4,Active
INV000985,3,Active
INV000986,7,Active
INV000987,2,Inactive
INV000988,1,Inactive
INV000989,3,Active
INV000990,4,Active
INV000991,1,Inactive
INV000992,4,Active
INV000993,1,Inactive
INV000994,6,Active
INV000995,4,Active
INV000997,4,Active
INV000998,4,Active
INV000999,5,Active
INV001001,8,Active
INV001002,7,Active
INV001003,2,Inactive
INV001004,3,Active
INV001005,6,Active
INV001006,5,Active
INV001007,1,Inactive
INV001008,7,Active
INV001009,3,Active
INV001010,1,Inactive
INV001011,3,Active
INV001012,5,Active
INV001013,6,Active
INV001014,4,Active
INV001015,2,Inactive
INV001016,3,Active
INV001017,6,Active
INV001019,9,Active
INV001020,2,Inactive
INV001021,7,Active
INV001023,8,Active
INV001024,3,Active
INV001025,6,Active
INV001026,6,Active
INV001027,5,Active
INV001028,4,Active
INV001029,5,Active
INV001030,1,Inactive
INV001031,5,Active
INV001032,1,Inactive
INV001033,1,Inactive
INV001034,3,Active
INV001035,1,Inactive
INV001036,4,Active
INV001037,10,Active
INV001038,2,Inactive
INV001039,6,Active
INV001040,2,Inactive
INV001041,7,Active
INV001042,3,Active
INV001043,5,Active
INV001044,2,Inactive
INV001045,5,Active
INV001046,2,Inactive
INV001047,7,Active
INV001048,8,Active
INV001049,4,Active
INV001050,4,Active
INV001051,8,Active
INV001052,2,Inactive
INV001053,8,Active
INV001054,2,Inactive
INV001055,6,Active
INV001056,1,Inactive
INV001057,2,Inactive
INV001058,4,Active
INV001059,3,Active
INV001060,9,Active
INV001061,9,Active
INV001062,3,Active
INV001063,8,Active
INV001064,9,Active
INV001065,4,Active
INV001066,2,Inactive
INV001067,3,Active
INV001068,4,Active
INV001069,8,Active
INV001070,6,Active
INV001071,2,Inactive
INV001072,2,Inactive
INV001073,3,Active
INV001074,5,Active
INV001075,5,Active
INV001076,2,Inactive
INV001077,3,Active
INV001079,5,Active
INV001080,4,Active
INV001081,2,Inactive
INV001082,4,Active
INV001083,4,Active
INV001084,1,Inactive
INV001085,2,Inactive
INV001086,2,Inactive
INV001087,5,Active
INV001088,4,Active
INV001089,1,Inactive
INV001090,1,Inactive
INV001091,4,Active
INV001092,7,Active
INV001093,4,Active
INV001094,2,Inactive
INV001095,2,Inactive
INV001096,5,Active
INV001099,8,Active
INV001100,1,Inactive
INV001101,4,Active
INV001102,7,Active
INV001103,4,Active
INV001104,1,Inactive
INV001105,1,Inactive
INV001106,3,Active
INV001107,3,Active
INV001108,3,Active
INV001109,3,Active
INV001110,2,Inactive
INV001111,3,Active
INV001112,5,Active
INV001113,4,Active
INV001114,2,Inactive
INV001115,6,Active
INV001116,9,Active
INV001117,8,Active
INV001118,4,Active
INV001119,2,Inactive
INV001120,2,Inactive
INV001121,3,Active
INV001122,2,Inactive
INV001123,5,Active
INV001124,3,Active
INV001126,2,Inactive
INV001127,2,Inactive
INV001128,3,Active
INV001129,1,Inactive
INV001130,7,Active
INV001131,4,Active
INV001132,1,Inactive
INV001133,4,Active
INV001134,1,Inactive
INV001136,2,Inactive
INV001137,7,Active
INV001138,4,Active
INV001139,2,Inactive
INV001140,6,Active
INV001141,6,Active
INV001142,7,Active
INV001143,3,Active
INV001144,3,Active
INV001145,3,Active
INV001146,1,Inactive
INV001148,3,Active
INV001149,3,Active
INV001150,3,Active
INV001151,3,Active
INV001152,4,Active
INV001153,1,Inactive
INV001154,4,Active
INV001155,3,Active
INV001156,6,Active
INV001157,5,Active
INV001158,3,Active
INV001159,1,Inactive
INV001160,8,Active
INV001161,6,Active
INV001163,7,Active
INV001164,2,Inactive
INV001165,5,Active
INV001166,5,Active
INV001167,6,Active
INV001168,5,Active
INV001169,3,Active
INV001170,6,Active
INV001171,4,Active
INV001172,2,Inactive
INV001173,6,Active
INV001174,3,Active
INV001175,5,Active
INV001176,2,Inactive
INV001177,1,Inactive
INV001178,7,Active
INV001179,1,Inactive
INV001180,6,Active
INV001181,8,Active
INV001182,2,Inactive
INV001183,5,Active
INV001184,1,Inactive
INV001185,5,Active
INV001186,5,Active
INV001187,1,Inactive
INV001188,1,Inactive
INV001189,3,Active
INV001190,6,Active
INV001191,2,Inactive
INV001192,4,Active
INV001193,4,Active
INV001194,3,Active
INV001195,8,Active
INV001196,6,Active
INV001197,3,Active
INV001198,5,Active
INV001199,2,Inactive
INV001200,2,Inactive
INV001201,1,Inactive
INV001202,8,Active
INV001203,2,Inactive
INV001204,3,Active
INV001205,1,Inactive
INV001206,6,Active
INV001207,5,Active
INV001208,7,Active
INV001209,3,Active
INV001210,9,Active
INV001211,1,Inactive
INV001212,5,Active
INV001213,3,Active
INV001214,1,Inactive
INV001215,4,Active
INV001216,2,Inactive
INV001217,8,Active
INV001218,5,Active
INV001219,8,Active
INV001220,7,Active
INV001221,5,Active
INV001222,5,Active
INV001223,7,Active
INV001224,4,Active
INV001225,3,Active
INV001226,1,Inactive
INV001227,4,Active
INV001228,5,Active
INV001229,2,Inactive
INV001230,4,Active
INV001231,1,Inactive
INV001232,4,Active
INV001233,3,Active
INV001234,8,Active
INV001235,9,Active
INV001236,4,Active
INV001237,6,Active
INV001238,7,Active
INV001239,1,Inactive
INV001240,1,Inactive
INV001241,4,Active
INV001242,6,Active
INV001243,1,Inactive
INV001244,5,Active
INV001245,1,Inactive
INV001246,2,Inactive
INV001247,5,Active
INV001248,1,Inactive
INV001249,4,Active
INV001250,2,Inactive
INV001251,6,Active
INV001254,2,Inactive
INV001255,4,Active
INV001256,3,Active
INV001257,5,Active
INV001258,2,Inactive
INV001259,5,Active
INV001260,5,Active
INV001261,5,Active
INV001262,7,Active
INV001263,2,Inactive
INV001264,5,Active
INV001265,5,Active
INV001266,1,Inactive
INV001267,2,Inactive
INV001269,5,Active
INV001270,1,Inactive
INV001271,4,Active
INV001273,4,Active
INV001274,7,Active
INV001275,7,Active
INV001276,3,Active
INV001277,2,Inactive
INV001279,4,Active
INV001280,2,Inactive
INV001281,4,Active
INV001282,6,Active
INV001284,5,Active
INV001285,1,Inactive
INV001286,3,Active
INV001287,6,Active
INV001288,7,Active
INV001289,3,Active
INV001290,2,Inactive
INV001291,6,Active
INV001292,2,Inactive
INV001294,1,Inactive
INV001295,9,Active
INV001296,1,Inactive
INV001297,2,Inactive
INV001298,7,Active
INV001299,9,Active
INV001300,3,Active
INV001301,1,Inactive
INV001302,1,Inactive
INV001304,6,Active
INV001305,2,Inactive
INV001306,2,Inactive
INV001307,2,Inactive
INV001308,9,Active
INV001309,1,Inactive
INV001310,6,Active
INV001311,4,Active
INV001312,4,Active
INV001313,1,Inactive
INV001314,10,Active
INV001315,7,Active
INV001316,6,Active
INV001317,6,Active
INV001318,10,Active
INV001319,4,Active
INV001320,5,Active
INV001321,5,Active
INV001322,3,Active
INV001323,1,Inactive
INV001324,1,Inactive
INV001325,4,Active
INV001326,8,Active
INV001327,1,Inactive
INV001328,2,Inactive
INV001329,6,Active
INV001330,3,Active
INV001331,6,Active
INV001332,7,Active
INV001333,7,Active
INV001334,5,Active
INV001335,1,Inactive
INV001336,8,Active
INV001337,4,Active
INV001338,1,Inactive
INV001339,1,Inactive
INV001340,1,Inactive
INV001341,3,Active
INV001342,5,Active
INV001343,4,Active
INV001344,1,Inactive
INV001345,4,Active
INV001346,5,Active
INV001347,2,Inactive
INV001348,7,Active
INV001349,1,Inactive
INV001350,2,Inactive
INV001351,7,Active
INV001352,4,Active
INV001353,5,Active
INV001354,4,Active
INV001355,6,Active
INV001356,6,Active
INV001357,4,Active
INV001358,1,Inactive
INV001359,7,Active
INV001360,1,Inactive
INV001361,7,Active
INV001362,3,Active
INV001363,5,Active
INV001365,3,Active
INV001366,5,Active
INV001367,6,Active
INV001368,1,Inactive
INV001369,4,Active
INV001370,5,Active
INV001371,1,Inactive
INV001372,3,Active
INV001373,2,Inactive
INV001374,2,Inactive
INV001375,7,Active
INV001376,7,Active
INV001377,4,Active
INV001378,1,Inactive
INV001379,4,Active
INV001380,1,Inactive
INV001382,3,Active
INV001383,8,Active
INV001384,4,Active
INV001385,3,Active
INV001386,2,Inactive
INV001387,9,Active
INV001388,2,Inactive
INV001389,1,Inactive
INV001390,3,Active
INV001391,4,Active
INV001392,4,Active
INV001393,2,Inactive
INV001394,8,Active
INV001395,4,Active
INV001396,2,Inactive
INV001397,5,Active
INV001398,4,Active
INV001399,4,Active
INV001400,6,Active
INV001401,6,Active
INV001402,4,Active
INV001403,1,Inactive
INV001404,2,Inactive
INV001405,4,Active
INV001406,10,Active
INV001407,6,Active
INV001408,2,Inactive
INV001409,5,Active
INV001410,4,Active
INV001411,5,Active
INV001412,2,Inactive
INV001413,5,Active
INV001414,1,Inactive
INV001415,8,Active
INV001416,2,Inactive
INV001417,1,Inactive
INV001418,6,Active
INV001419,6,Active
INV001420,2,Inactive
INV001421,5,Active
INV001422,4,Active
INV001423,8,Active
INV001424,4,Active
INV001425,2,Inactive
INV001426,1,Inactive
INV001427,1,Inactive
INV001428,6,Active
INV001429,1,Inactive
INV001430,1,Inactive
INV001431,3,Active
INV001432,6,Active
INV001433,3,Active
INV001434,6,Active
INV001435,2,Inactive
INV001436,2,Inactive
INV001437,1,Inactive
INV001438,1,Inactive
INV001439,3,Active
INV001440,2,Inactive
INV001441,2,Inactive
INV001442,9,Active
INV001443,3,Active
INV001444,3,Active
INV001445,4,Active
INV001446,2,Inactive
INV001447,3,Active
INV001448,2,Inactive
INV001449,4,Active
INV001450,3,Active
INV001451,1,Inactive
INV001452,3,Active
INV001453,3,Active
INV001454,7,Active
INV001455,8,Active
INV001456,5,Active
INV001457,6,Active
INV001458,7,Active
INV001459,1,Inactive
INV001460,4,Active
INV001461,2,Inactive
INV001462,5,Active
INV001463,2,Inactive
INV001464,1,Inactive
INV001465,3,Active
INV001466,6,Active
INV001467,5,Active
INV001468,2,Inactive
INV001469,1,Inactive
INV001470,3,Active
INV001472,6,Active
INV001473,3,Active
INV001474,1,Inactive
INV001475,3,Active
INV001476,4,Active
INV001477,1,Inactive
INV001478,4,Active
INV001479,2,Inactive
INV001480,4,Active
INV001481,5,Active
INV001482,6,Active
INV001483,5,Active
INV001484,2,Inactive
INV001485,9,Active
INV001486,1,Inactive
INV001487,3,Active
INV001488,3,Active
INV001489,4,Active
INV001491,6,Active
INV001492,3,Active
INV001494,3,Active
INV001495,2,Inactive
INV001496,5,Active
INV001497,9,Active
INV001498,1,Inactive
INV001499,3,Active
INV001500,3,Active
INV001501,3,Active
INV001502,1,Inactive
INV001503,4,Active
INV001504,9,Active
INV001505,2,Inactive
INV001506,3,Active
INV001507,6,Active
INV001508,3,Active
INV001509,1,Inactive
INV001510,7,Active
INV001511,1,Inactive
INV001512,5,Active
INV001513,3,Active
INV001514,7,Active
INV001515,4,Active
INV001516,6,Active
INV001518,5,Active
INV001519,3,Active
INV001520,1,Inactive
INV001521,5,Active
INV001522,2,Inactive
INV001524,5,Active
INV001525,5,Active
INV001526,6,Active
INV001527,1,Inactive
INV001528,5,Active
INV001529,1,Inactive
INV001530,7,Active
INV001531,3,Active
INV001532,7,Active
INV001534,5,Active
INV001535,3,Active
INV001536,7,Active
INV001537,3,Active
INV001538,4,Active
INV001539,2,Inactive
INV001540,4,Active
INV001542,5,Active
INV001543,2,Inactive
INV001544,5,Active
INV001545,6,Active
INV001547,7,Active
INV001548,6,Active
INV001549,5,Active
INV001550,7,Active
INV001551,6,Active
INV001552,1,Inactive
INV001553,4,Active
INV001554,2,Inactive
INV001555,2,Inactive
INV001556,2,Inactive
INV001557,2,Inactive
INV001558,5,Active
INV001560,3,Active
INV001561,4,Active
INV001562,10,Active
INV001563,1,Inactive
INV001564,8,Active
INV001566,3,Active
INV001567,5,Active
INV001568,1,Inactive
INV001569,6,Active
INV001570,2,Inactive
INV001571,1,Inactive
INV001572,1,Inactive
INV001573,5,Active
INV001574,5,Active
INV001575,4,Active
INV001576,5,Active
INV001577,1,Inactive
INV001578,1,Inactive
INV001579,7,Active
INV001580,7,Active
INV001581,1,Inactive
INV001582,1,Inactive
INV001583,3,Active
INV001584,3,Active
INV001585,6,Active
INV001586,4,Active
INV001587,7,Active
INV001588,3,Active
INV001589,1,Inactive
INV001590,2,Inactive
INV001591,2,Inactive
INV001592,2,Inactive
INV001593,1,Inactive
INV001594,2,Inactive
INV001595,4,Active
INV001596,1,Inactive
INV001597,7,Active
INV001598,5,Active
INV001599,6,Active
INV001600,2,Inactive
INV001601,1,Inactive
INV001602,6,Active
INV001603,7,Active
INV001604,2,Inactive
INV001605,8,Active
INV001606,7,Active
INV001607,2,Inactive
INV001608,5,Active
INV001609,4,Active
INV001611,5,Active
INV001612,5,Active
INV001613,1,Inactive
INV001614,2,Inactive
INV001615,3,Active
INV001616,9,Active
INV001617,1,Inactive
INV001618,5,Active
INV001619,3,Active
INV001620,4,Active
INV001621,3,Active
INV001622,2,Inactive
INV001623,6,Active
INV001624,4,Active
INV001625,6,Active
INV001626,2,Inactive
INV001627,4,Active
INV001628,8,Active
INV001629,7,Active
INV001630,3,Active
INV001631,6,Active
INV001633,1,Inactive
INV001634,1,Inactive
INV001635,2,Inactive
INV001636,9,Active
INV001637,1,Inactive
INV001638,3,Active
INV001639,4,Active
INV001640,5,Active
INV001641,6,Active
INV001642,1,Inactive
INV001643,5,Active
INV001644,6,Active
INV001645,6,Active
INV001646,3,Active
INV001648,5,Active
INV001649,10,Active
INV001650,3,Active
INV001651,7,Active
INV001652,4,Active
INV001653,6,Active
INV001654,7,Active
INV001655,4,Active
INV001656,8,Active
INV001658,5,Active
INV001659,2,Inactive
INV001660,4,Active
INV001661,3,Active
INV001662,6,Active
INV001663,5,Active
INV001664,1,Inactive
INV001665,3,Active
INV001666,4,Active
INV001667,1,Inactive
INV001668,1,Inactive
INV001669,3,Active
INV001670,4,Active
INV001671,4,Active
INV001672,9,Active
INV001673,11,Active
INV001674,4,Active
INV001676,1,Inactive
INV001677,2,Inactive
INV001678,1,Inactive
INV001679,4,Active
INV001680,9,Active
INV001681,2,Inactive
INV001682,1,Inactive
INV001683,7,Active
INV001684,3,Active
INV001685,2,Inactive
INV001686,1,Inactive
INV001687,4,Active
INV001688,3,Active
INV001689,6,Active
INV001690,7,Active
INV001691,6,Active
INV001692,2,Inactive
INV001693,3,Active
INV001694,8,Active
INV001695,5,Active
INV001696,4,Active
INV001697,9,Active
INV001698,1,Inactive
INV001699,6,Active
INV001700,1,Inactive
INV001701,5,Active
INV001702,1,Inactive
INV001703,1,Inactive
INV001705,4,Active
INV001706,5,Active
INV001707,2,Inactive
INV001708,3,Active
INV001709,6,Active
INV001710,1,Inactive
INV001711,7,Active
INV001712,6,Active
INV001713,5,Active
INV001714,3,Active
INV001715,8,Active
INV001716,4,Active
INV001718,6,Active
INV001719,3,Active
INV001720,5,Active
INV001721,4,Active
INV001722,3,Active
INV001723,3,Active
INV001724,7,Active
INV001725,5,Active
INV001726,1,Inactive
INV001727,3,Active
INV001728,8,Active
INV001729,1,Inactive
INV001730,2,Inactive
INV001731,2,Inactive
INV001732,4,Active
INV001733,1,Inactive
INV001734,4,Active
INV001735,5,Active
INV001736,4,Active
INV001737,7,Active
INV001738,9,Active
INV001739,9,Active
INV001740,5,Active
INV001741,6,Active
INV001742,5,Active
INV001743,3,Active
INV001744,7,Active
INV001745,3,Active
INV001746,5,Active
INV001747,5,Active
INV001748,3,Active
INV001749,1,Inactive
INV001750,2,Inactive
INV001751,4,Active
INV001752,7,Active
INV001753,11,Active
INV001754,3,Active
INV001757,8,Active
INV001758,4,Active
INV001759,10,Active
INV001760,3,Active
INV001761,1,Inactive
INV001762,4,Active
INV001763,3,Active
INV001764,3,Active
INV001765,4,Active
INV001766,2,Inactive
INV001768,2,Inactive
INV001769,6,Active
INV001770,5,Active
INV001771,1,Inactive
INV001772,6,Active
INV001773,5,Active
INV001774,3,Active
INV001775,8,Active
INV001776,1,Inactive
INV001777,9,Active
INV001778,8,Active
INV001779,1,Inactive
INV001780,1,Inactive
INV001781,3,Active
INV001782,4,Active
INV001783,4,Active
INV001784,5,Active
INV001785,3,Active
INV001786,1,Inactive
INV001787,2,Inactive
INV001788,3,Active
INV001789,2,Inactive
INV001790,4,Active
INV001791,3,Active
INV001792,5,Active
INV001793,1,Inactive
INV001794,5,Active
INV001795,3,Active
INV001796,3,Active
INV001797,7,Active
INV001798,5,Active
INV001799,4,Active
INV001800,7,Active
INV001801,5,Active
INV001802,7,Active
INV001803,6,Active
INV001804,8,Active
INV001805,4,Active
INV001806,8,Active
INV001809,6,Active
INV001810,5,Active
INV001811,9,Active
INV001813,3,Active
INV001814,5,Active
INV001815,4,Active
INV001816,4,Active
INV001817,1,Inactive
INV001818,1,Inactive
INV001819,2,Inactive
INV001820,4,Active
INV001821,3,Active
INV001822,6,Active
INV001823,8,Active
INV001824,1,Inactive
INV001825,4,Active
INV001826,6,Active
INV001827,5,Active
INV001828,8,Active
INV001829,4,Active
INV001830,3,Active
INV001831,6,Active
INV001832,4,Active
INV001833,5,Active
INV001834,4,Active
INV001835,5,Active
INV001836,5,Active
INV001837,7,Active
INV001838,1,Inactive
INV001839,3,Active
INV001840,1,Inactive
INV001841,6,Active
INV001842,4,Active
INV001843,4,Active
INV001844,2,Inactive
INV001845,3,Active
INV001846,3,Active
INV001847,2,Inactive
INV001848,4,Active
INV001849,4,Active
INV001850,2,Inactive
INV001851,4,Active
INV001852,4,Active
INV001853,8,Active
INV001854,1,Inactive
INV001855,2,Inactive
INV001856,4,Active
INV001857,4,Active
INV001858,8,Active
INV001859,3,Active
INV001860,2,Inactive
INV001861,5,Active
INV001862,1,Inactive
INV001863,2,Inactive
INV001865,7,Active
INV001866,6,Active
INV001867,4,Active
INV001868,4,Active
INV001869,1,Inactive
INV001870,7,Active
INV001871,7,Active
INV001872,3,Active
INV001873,3,Active
INV001874,4,Active
INV001875,2,Inactive
INV001876,3,Active
INV001877,5,Active
INV001878,2,Inactive
INV001879,5,Active
INV001880,5,Active
INV001881,5,Active
INV001882,3,Active
INV001883,6,Active
INV001885,6,Active
INV001886,9,Active
INV001887,3,Active
INV001888,5,Active
INV001890,6,Active
INV001891,6,Active
INV001892,3,Active
INV001893,5,Active
INV001895,1,Inactive
INV001896,4,Active
INV001897,3,Active
INV001899,5,Active
INV001900,5,Active
INV001901,1,Inactive
INV001902,1,Inactive
INV001903,5,Active
INV001904,1,Inactive
INV001905,4,Active
INV001906,3,Active
INV001908,1,Inactive
INV001909,8,Active
INV001910,1,Inactive
INV001911,3,Active
INV001912,6,Active
INV001913,4,Active
INV001914,4,Active
INV001915,2,Inactive
INV001916,5,Active
INV001917,3,Active
INV001918,1,Inactive
INV001919,1,Inactive
INV001920,7,Active
INV001921,8,Active
INV001922,5,Active
INV001923,7,Active
INV001924,7,Active
INV001925,1,Inactive
INV001926,5,Active
INV001927,6,Active
INV001928,4,Active
INV001929,6,Active
INV001930,3,Active
INV001931,1,Inactive
INV001932,2,Inactive
INV001933,5,Active
INV001934,2,Inactive
INV001935,1,Inactive
INV001936,2,Inactive
INV001937,8,Active
INV001938,9,Active
INV001939,1,Inactive
INV001940,5,Active
INV001942,1,Inactive
INV001943,6,Active
INV001944,5,Active
INV001945,4,Active
INV001946,3,Active
INV001947,1,Inactive
INV001948,3,Active
INV001949,1,Inactive
INV001950,7,Active
INV001951,7,Active
INV001952,2,Inactive
INV001954,6,Active
INV001955,6,Active
INV001956,4,Active
INV001957,2,Inactive
INV001959,4,Active
INV001960,2,Inactive
INV001961,6,Active
INV001962,5,Active
INV001963,2,Inactive
INV001964,1,Inactive
INV001965,1,Inactive
INV001966,2,Inactive
INV001967,5,Active
INV001968,4,Active
INV001969,6,Active
INV001970,1,Inactive
INV001971,8,Active
INV001972,8,Active
INV001973,1,Inactive
INV001974,2,Inactive
INV001975,1,Inactive
INV001976,2,Inactive
INV001977,5,Active
INV001978,6,Active
INV001979,6,Active
INV001980,3,Active
INV001981,1,Inactive
INV001982,6,Active
INV001983,5,Active
INV001984,1,Inactive
INV001985,5,Active
INV001986,7,Active
INV001987,7,Active
INV001988,1,Inactive
INV001989,3,Active
INV001990,8,Active
INV001991,1,Inactive
INV001992,4,Active
INV001993,6,Active
INV001994,1,Inactive
INV001995,6,Active
INV001996,1,Inactive
INV001997,6,Active
INV001998,5,Active
INV001999,4,Active
INV002000,5,Active
INV002001,6,Active
INV002002,2,Inactive
INV002003,2,Inactive
INV002004,1,Inactive
INV002005,3,Active
INV002006,6,Active
INV002007,3,Active
INV002008,5,Active
INV002009,1,Inactive
INV002010,6,Active
INV002011,4,Active
INV002012,5,Active
INV002013,5,Active
INV002014,3,Active
INV002015,2,Inactive
INV002016,3,Active
INV002017,7,Active
INV002018,6,Active
INV002019,6,Active
INV002020,1,Inactive
INV002021,2,Inactive
INV002022,4,Active
INV002023,2,Inactive
INV002024,1,Inactive
INV002025,7,Active
INV002026,5,Active
INV002027,3,Active
INV002028,1,Inactive
INV002029,1,Inactive
INV002030,4,Active
INV002031,1,Inactive
INV002032,2,Inactive
INV002033,7,Active
INV002034,8,Active
INV002035,3,Active
INV002036,5,Active
INV002037,6,Active
INV002038,6,Active
INV002039,3,Active
INV002040,4,Active
INV002041,4,Active
INV002042,5,Active
INV002043,3,Active
INV002044,2,Inactive
INV002045,5,Active
INV002046,1,Inactive
INV002047,4,Active
INV002048,1,Inactive
INV002049,4,Active
INV002050,3,Active
INV002051,6,Active
INV002052,7,Active
INV002053,2,Inactive
INV002054,5,Active
INV002055,4,Active
INV002056,3,Active
INV002057,1,Inactive
INV002058,1,Inactive
INV002059,2,Inactive
INV002060,5,Active
INV002061,4,Active
INV002063,2,Inactive
INV002064,1,Inactive
INV002065,4,Active
INV002066,3,Active
INV002067,5,Active
INV002068,2,Inactive
INV002069,10,Active
INV002070,7,Active
INV002071,1,Inactive
INV002072,3,Active
INV002073,3,Active
INV002074,3,Active
INV002075,5,Active
INV002076,1,Inactive
INV002077,5,Active
INV002078,2,Inactive
INV002079,3,Active
INV002080,5,Active
INV002081,2,Inactive
INV002082,4,Active
INV002083,10,Active
INV002084,1,Inactive
INV002085,6,Active
INV002087,5,Active
INV002088,5,Active
INV002089,3,Active
INV002090,6,Active
INV002091,1,Inactive
INV002092,7,Active
INV002093,4,Active
INV002094,3,Active
INV002095,4,Active
INV002096,3,Active
INV002097,1,Inactive
INV002098,4,Active
INV002099,4,Active
INV002101,6,Active
INV002102,6,Active
INV002103,2,Inactive
INV002104,5,Active
INV002106,4,Active
INV002107,8,Active
INV002108,3,Active
INV002109,1,Inactive
INV002110,4,Active
INV002111,8,Active
INV002112,5,Active
INV002113,4,Active
INV002114,1,Inactive
INV002115,4,Active
INV002116,4,Active
INV002117,5,Active
INV002118,1,Inactive
INV002119,6,Active
INV002120,3,Active
INV002121,7,Active
INV002122,7,Active
INV002123,4,Active
INV002124,5,Active
INV002125,5,Active
INV002126,5,Active
INV002127,6,Active
INV002128,3,Active
INV002129,3,Active
INV002130,4,Active
INV002131,5,Active
INV002132,2,Inactive
INV002133,4,Active
INV002134,7,Active
INV002135,4,Active
INV002136,2,Inactive
INV002137,5,Active
INV002138,6,Active
INV002139,4,Active
INV002140,2,Inactive
INV002141,4,Active
INV002142,9,Active
INV002143,8,Active
INV002144,3,Active
INV002145,2,Inactive
INV002146,2,Inactive
INV002147,1,Inactive
INV002148,4,Active
INV002149,8,Active
INV002150,6,Active
INV002151,9,Active
INV002152,4,Active
INV002153,7,Active
INV002154,6,Active
INV002155,6,Active
INV002156,2,Inactive
INV002157,7,Active
INV002158,4,Active
INV002159,6,Active
INV002160,1,Inactive
INV002161,2,Inactive
INV002162,9,Active
INV002163,2,Inactive
INV002164,4,Active
INV002165,1,Inactive
INV002166,6,Active
INV002167,3,Active
INV002168,3,Active
INV002169,1,Inactive
INV002170,3,Active
INV002171,7,Active
INV002172,3,Active
INV002173,2,Inactive
INV002174,4,Active
INV002175,1,Inactive
INV002176,5,Active
INV002177,7,Active
INV002178,8,Active
INV002179,8,Active
INV002180,3,Active
INV002181,1,Inactive
INV002182,7,Active
INV002183,3,Active
INV002184,5,Active
INV002185,6,Active
INV002186,7,Active
INV002187,7,Active
INV002188,3,Active
INV002189,5,Active
INV002190,2,Inactive
INV002191,2,Inactive
INV002192,5,Active
INV002193,1,Inactive
INV002194,1,Inactive
INV002195,9,Active
INV002196,8,Active
INV002197,3,Active
INV002198,9,Active
INV002199,7,Active
INV002200,4,Active
INV002201,5,Active
INV002202,8,Active
INV002204,2,Inactive
INV002205,4,Active
INV002206,7,Active
INV002207,4,Active
INV002208,7,Active
INV002209,2,Inactive
INV002211,7,Active
INV002212,3,Active
INV002213,5,Active
INV002214,5,Active
INV002215,4,Active
INV002216,8,Active
INV002217,3,Active
INV002218,6,Active
INV002219,8,Active
INV002220,5,Active
INV002222,1,Inactive
INV002223,2,Inactive
INV002224,3,Active
INV002225,4,Active
INV002226,2,Inactive
INV002227,4,Active
INV002228,6,Active
INV002229,6,Active
INV002230,8,Active
INV002232,7,Active
INV002233,1,Inactive
INV002234,4,Active
INV002235,5,Active
INV002236,7,Active
INV002237,7,Active
INV002238,5,Active
INV002239,3,Active
INV002240,7,Active
INV002241,7,Active
INV002242,4,Active
INV002243,3,Active
INV002244,5,Active
INV002245,4,Active
INV002246,1,Inactive
INV002247,2,Inactive
INV002248,5,Active
INV002249,5,Active
INV002250,5,Active
INV002251,6,Active
INV002252,5,Active
INV002253,1,Inactive
INV002255,3,Active
INV002256,6,Active
INV002257,2,Inactive
INV002258,4,Active
INV002259,7,Active
INV002260,6,Active
INV002261,5,Active
INV002262,3,Active
INV002264,5,Active
INV002265,7,Active
INV002266,2,Inactive
INV002267,5,Active
INV002268,1,Inactive
INV002269,2,Inactive
INV002270,4,Active
INV002271,4,Active
INV002272,1,Inactive
INV002273,2,Inactive
INV002274,5,Active
INV002275,5,Active
INV002276,5,Active
INV002277,7,Active
INV002278,2,Inactive
INV002279,2,Inactive
INV002280,7,Active
INV002281,5,Active
INV002282,6,Active
INV002283,3,Active
INV002284,6,Active
INV002285,2,Inactive
INV002286,4,Active
INV002287,3,Active
INV002288,2,Inactive
INV002290,6,Active
INV002291,3,Active
INV002292,5,Active
INV002294,8,Active
INV002295,7,Active
INV002296,1,Inactive
INV002297,2,Inactive
INV002298,6,Active
INV002299,2,Inactive
INV002300,4,Active
INV002301,1,Inactive
INV002302,4,Active
INV002304,10,Active
INV002306,5,Active
INV002307,5,Active
INV002308,5,Active
INV002309,2,Inactive
INV002310,2,Inactive
INV002311,2,Inactive
INV002312,4,Active
INV002314,2,Inactive
INV002315,7,Active
INV002316,2,Inactive
INV002317,1,Inactive
INV002318,2,Inactive
INV002319,7,Active
INV002320,1,Inactive
INV002321,1,Inactive
INV002322,6,Active
INV002323,5,Active
INV002324,4,Active
INV002325,2,Inactive
INV002326,5,Active
INV002327,6,Active
INV002328,4,Active
INV002329,7,Active
INV002330,4,Active
INV002332,4,Active
INV002333,4,Active
INV002334,2,Inactive
INV002335,1,Inactive
INV002336,1,Inactive
INV002337,1,Inactive
INV002338,5,Active
INV002339,3,Active
INV002341,4,Active
INV002342,6,Active
INV002343,9,Active
INV002344,4,Active
INV002345,5,Active
INV002346,2,Inactive
INV002347,9,Active
INV002348,6,Active
INV002349,6,Active
INV002350,4,Active
INV002351,6,Active
INV002352,2,Inactive
INV002353,4,Active
INV002355,1,Inactive
INV002357,7,Active
INV002358,4,Active
INV002360,9,Active
INV002361,6,Active
INV002363,5,Active
INV002364,4,Active
INV002365,4,Active
INV002366,2,Inactive
INV002367,7,Active
INV002368,7,Active
INV002369,6,Active
INV002370,7,Active
INV002371,1,Inactive
INV002372,6,Active
INV002373,8,Active
INV002374,6,Active
INV002375,3,Active
INV002376,1,Inactive
INV002377,3,Active
INV002378,4,Active
INV002379,3,Active
INV002380,4,Active
INV002381,4,Active
INV002382,5,Active
INV002383,1,Inactive
INV002384,10,Active
INV002385,3,Active
INV002386,1,Inactive
INV002387,5,Active
INV002388,6,Active
INV002389,10,Active
INV002390,6,Active
INV002391,6,Active
INV002392,4,Active
INV002393,5,Active
INV002394,5,Active
INV002395,6,Active
INV002396,1,Inactive
INV002397,4,Active
INV002399,4,Active
INV002400,9,Active
INV002401,8,Active
INV002402,7,Active
INV002403,2,Inactive
INV002404,2,Inactive
INV002405,3,Active
INV002406,1,Inactive
INV002407,7,Active
INV002408,2,Inactive
INV002409,8,Active
INV002410,1,Inactive
INV002411,3,Active
INV002412,5,Active
INV002413,8,Active
INV002414,4,Active
INV002415,8,Active
INV002416,4,Active
INV002417,7,Active
INV002418,6,Active
INV002419,1,Inactive
INV002420,6,Active
INV002421,1,Inactive
INV002422,10,Active
INV002423,3,Active
INV002424,3,Active
INV002425,2,Inactive
INV002426,5,Active
INV002427,4,Active
INV002428,1,Inactive
INV002429,6,Active
INV002430,4,Active
INV002431,2,Inactive
INV002432,2,Inactive
INV002433,1,Inactive
INV002434,6,Active
INV002435,5,Active
INV002436,4,Active
INV002437,7,Active
INV002438,1,Inactive
INV002440,3,Active
INV002441,2,Inactive
INV002442,2,Inactive
INV002443,1,Inactive
INV002444,2,Inactive
INV002445,8,Active
INV002446,4,Active
INV002447,1,Inactive
INV002448,2,Inactive
INV002449,2,Inactive
INV002450,2,Inactive
INV002451,2,Inactive
INV002452,4,Active
INV002453,7,Active
INV002454,3,Active
INV002455,1,Inactive
INV002457,2,Inactive
INV002458,6,Active
INV002459,8,Active
INV002460,3,Active
INV002461,4,Active
INV002462,1,Inactive
INV002463,6,Active
INV002464,6,Active
INV002465,2,Inactive
INV002466,7,Active
INV002467,8,Active
INV002468,4,Active
INV002469,5,Active
INV002470,1,Inactive
INV002471,6,Active
INV002472,3,Active
INV002473,3,Active
INV002474,1,Inactive
INV002475,10,Active
INV002476,6,Active
INV002477,3,Active
INV002478,1,Inactive
INV002479,2,Inactive
INV002481,1,Inactive
INV002483,4,Active
INV002484,1,Inactive
INV002485,6,Active
INV002486,5,Active
INV002487,2,Inactive
INV002488,4,Active
INV002489,2,Inactive
INV002490,8,Active
INV002491,2,Inactive
INV002493,3,Active
INV002494,1,Inactive
INV002495,6,Active
INV002496,6,Active
INV002497,8,Active
INV002498,1,Inactive
INV002499,2,Inactive
INV002500,5,Active
INV002502,5,Active
INV002503,4,Active
INV002504,5,Active
INV002505,2,Inactive
INV002506,5,Active
INV002507,4,Active
INV002508,9,Active
INV002509,10,Active
INV002510,7,Active
INV002511,1,Inactive
INV002512,2,Inactive
INV002513,3,Active
INV002514,2,Inactive
INV002515,2,Inactive
INV002516,3,Active
INV002517,1,Inactive
INV002518,3,Active
INV002519,1,Inactive
INV002520,4,Active
INV002521,6,Active
INV002523,5,Active
INV002524,1,Inactive
INV002525,2,Inactive
INV002526,5,Active
INV002527,7,Active
INV002528,5,Active
INV002529,4,Active
INV002530,8,Active
INV002531,7,Active
INV002532,3,Active
INV002533,5,Active
INV002534,2,Inactive
INV002535,3,Active
INV002536,2,Inactive
INV002538,2,Inactive
INV002539,2,Inactive
INV002540,4,Active
INV002541,1,Inactive
INV002542,4,Active
INV002543,7,Active
INV002544,1,Inactive
INV002545,2,Inactive
INV002546,4,Active
INV002547,6,Active
INV002548,4,Active
INV002549,5,Active
INV002550,2,Inactive
INV002551,5,Active
INV002552,10,Active
INV002553,3,Active
INV002554,7,Active
INV002555,7,Active
INV002556,2,Inactive
INV002557,7,Active
INV002558,6,Active
INV002559,1,Inactive
INV002560,6,Active
INV002561,3,Active
INV002562,1,Inactive
INV002563,6,Active
INV002564,1,Inactive
INV002565,5,Active
INV002566,4,Active
INV002567,6,Active
INV002568,8,Active
INV002569,1,Inactive
INV002570,7,Active
INV002571,4,Active
INV002572,8,Active
INV002573,1,Inactive
INV002574,6,Active
INV002575,9,Active
INV002576,4,Active
INV002577,3,Active
INV002578,2,Inactive
INV002579,6,Active
INV002580,4,Active
INV002582,6,Active
INV002583,3,Active
INV002584,1,Inactive
INV002585,6,Active
INV002586,6,Active
INV002587,2,Inactive
INV002588,3,Active
INV002589,1,Inactive
INV002590,10,Active
INV002591,6,Active
INV002592,2,Inactive
INV002593,3,Active
INV002594,6,Active
INV002595,3,Active
INV002596,2,Inactive
INV002597,3,Active
INV002598,9,Active
INV002599,5,Active
INV002600,2,Inactive
INV002601,2,Inactive
INV002602,8,Active
INV002603,1,Inactive
INV002604,5,Active
INV002605,2,Inactive
INV002606,6,Active
INV002607,1,Inactive
INV002608,4,Active
INV002610,2,Inactive
INV002611,1,Inactive
INV002612,2,Inactive
INV002613,8,Active
INV002614,2,Inactive
INV002615,1,Inactive
INV002616,2,Inactive
INV002617,2,Inactive
INV002618,1,Inactive
INV002619,2,Inactive
INV002620,2,Inactive
INV002621,3,Active
INV002622,7,Active
INV002623,1,Inactive
INV002624,1,Inactive
INV002625,4,Active
INV002626,4,Active
INV002627,6,Active
INV002628,6,Active
INV002629,4,Active
INV002630,5,Active
INV002631,3,Active
INV002632,8,Active
INV002633,5,Active
INV002634,2,Inactive
INV002635,3,Active
INV002636,2,Inactive
INV002637,3,Active
INV002639,5,Active
INV002640,7,Active
INV002641,4,Active
INV002642,5,Active
INV002643,6,Active
INV002645,7,Active
INV002646,1,Inactive
INV002647,4,Active
INV002648,5,Active
INV002649,2,Inactive
INV002650,2,Inactive
INV002651,1,Inactive
INV002652,5,Active
INV002653,1,Inactive
INV002654,8,Active
INV002655,2,Inactive
INV002656,5,Active
INV002657,3,Active
INV002658,1,Inactive
INV002659,7,Active
INV002660,4,Active
INV002661,2,Inactive
INV002662,2,Inactive
INV002664,4,Active
INV002666,7,Active
INV002668,5,Active
INV002669,2,Inactive
INV002670,2,Inactive
INV002671,7,Active
INV002672,1,Inactive
INV002673,8,Active
INV002674,6,Active
INV002675,8,Active
INV002676,3,Active
INV002677,1,Inactive
INV002678,1,Inactive
INV002679,4,Active
INV002680,3,Active
INV002681,7,Active
INV002682,5,Active
INV002683,3,Active
INV002684,6,Active
INV002685,3,Active
INV002686,2,Inactive
INV002687,5,Active
INV002688,9,Active
INV002689,8,Active
INV002690,1,Inactive
INV002691,1,Inactive
INV002692,1,Inactive
INV002693,7,Active
INV002694,2,Inactive
INV002695,1,Inactive
INV002696,5,Active
INV002697,7,Active
INV002698,5,Active
INV002699,3,Active
INV002700,7,Active
INV002701,3,Active
INV002702,5,Active
INV002703,2,Inactive
INV002704,8,Active
INV002705,8,Active
INV002706,6,Active
INV002707,4,Active
INV002708,5,Active
INV002709,2,Inactive
INV002710,2,Inactive
INV002711,8,Active
INV002712,11,Active
INV002713,2,Inactive
INV002714,2,Inactive
INV002715,1,Inactive
INV002716,5,Active
INV002717,2,Inactive
INV002718,5,Active
INV002719,2,Inactive
INV002720,3,Active
INV002721,1,Inactive
INV002722,6,Active
INV002723,9,Active
INV002724,6,Active
INV002725,3,Active
INV002726,8,Active
INV002727,4,Active
INV002728,1,Inactive
INV002729,1,Inactive
INV002732,8,Active
INV002733,8,Active
INV002734,4,Active
INV002735,7,Active
INV002736,6,Active
INV002737,8,Active
INV002738,2,Inactive
INV002739,2,Inactive
INV002740,2,Inactive
INV002741,4,Active
INV002742,1,Inactive
INV002743,6,Active
INV002744,10,Active
INV002745,4,Active
INV002746,8,Active
INV002747,3,Active
INV002748,4,Active
INV002749,1,Inactive
INV002750,6,Active
INV002751,7,Active
INV002752,3,Active
INV002753,5,Active
INV002754,5,Active
INV002755,1,Inactive
INV002756,2,Inactive
INV002757,4,Active
INV002758,6,Active
INV002759,3,Active
INV002760,1,Inactive
INV002761,6,Active
INV002762,5,Active
INV002763,2,Inactive
INV002764,4,Active
INV002765,4,Active
INV002766,6,Active
INV002767,7,Active
INV002768,1,Inactive
INV002769,7,Active
INV002770,3,Active
INV002771,3,Active
INV002772,7,Active
INV002773,2,Inactive
INV002774,5,Active
INV002775,3,Active
INV002776,3,Active
INV002777,1,Inactive
INV002778,2,Inactive
INV002779,6,Active
INV002780,4,Active
INV002781,2,Inactive
INV002782,2,Inactive
INV002783,7,Active
INV002784,5,Active
INV002785,3,Active
INV002786,7,Active
INV002787,5,Active
INV002788,5,Active
INV002789,2,Inactive
INV002790,2,Inactive
INV002791,3,Active
INV002792,2,Inactive
INV002793,7,Active
INV002794,7,Active
INV002795,1,Inactive
INV002796,4,Active
INV002797,1,Inactive
INV002798,3,Active
INV002799,6,Active
INV002800,7,Active
INV002801,4,Active
INV002802,2,Inactive
INV002803,7,Active
INV002804,8,Active
INV002805,2,Inactive
INV002806,3,Active
INV002807,3,Active
INV002808,7,Active
INV002809,6,Active
INV002810,8,Active
INV002811,3,Active
INV002813,7,Active
INV002814,2,Inactive
INV002815,1,Inactive
INV002816,2,Inactive
INV002817,2,Inactive
INV002818,2,Inactive
INV002819,4,Active
INV002820,1,Inactive
INV002822,7,Active
INV002823,2,Inactive
INV002824,7,Active
INV002825,3,Active
INV002826,6,Active
INV002827,6,Active
INV002828,6,Active
INV002829,3,Active
INV002830,5,Active
INV002831,6,Active
INV002832,4,Active
INV002833,2,Inactive
INV002834,3,Active
INV002835,7,Active
INV002836,1,Inactive
INV002837,1,Inactive
INV002838,8,Active
INV002839,2,Inactive
INV002840,4,Active
INV002841,6,Active
INV002842,1,Inactive
INV002843,8,Active
INV002845,1,Inactive
INV002846,3,Active
INV002847,10,Active
INV002848,1,Inactive
INV002849,4,Active
INV002850,7,Active
INV002851,3,Active
INV002852,6,Active
INV002853,1,Inactive
INV002854,3,Active
INV002855,3,Active
INV002856,4,Active
INV002857,1,Inactive
INV002858,2,Inactive
INV002859,7,Active
INV002860,3,Active
INV002861,5,Active
INV002862,4,Active
INV002863,6,Active
INV002864,5,Active
INV002865,6,Active
INV002866,2,Inactive
INV002867,2,Inactive
INV002868,4,Active
INV002869,5,Active
INV002870,6,Active
INV002871,1,Inactive
INV002872,6,Active
INV002873,6,Active
INV002874,5,Active
INV002875,3,Active
INV002876,2,Inactive
INV002877,4,Active
INV002878,1,Inactive
INV002879,7,Active
INV002881,6,Active
INV002882,2,Inactive
INV002883,6,Active
INV002884,1,Inactive
INV002885,1,Inactive
INV002886,7,Active
INV002888,4,Active
INV002890,5,Active
INV002891,8,Active
INV002892,2,Inactive
INV002893,9,Active
INV002894,2,Inactive
INV002895,5,Active
INV002896,4,Active
INV002897,5,Active
INV002898,3,Active
INV002899,3,Active
INV002900,6,Active
INV002901,3,Active
INV002902,2,Inactive
INV002903,6,Active
INV002904,7,Active
INV002905,6,Active
INV002906,6,Active
INV002907,1,Inactive
INV002908,3,Active
INV002909,7,Active
INV002910,2,Inactive
INV002911,3,Active
INV002912,6,Active
INV002913,7,Active
INV002914,2,Inactive
INV002915,8,Active
INV002917,4,Active
INV002919,1,Inactive
INV002920,2,Inactive
INV002921,7,Active
INV002922,1,Inactive
INV002923,2,Inactive
INV002924,5,Active
INV002925,2,Inactive
INV002926,4,Active
INV002927,8,Active
INV002928,2,Inactive
INV002929,2,Inactive
INV002930,4,Active
INV002931,5,Active
INV002932,4,Active
INV002933,5,Active
INV002934,4,Active
INV002935,7,Active
INV002936,1,Inactive
INV002937,7,Active
INV002939,7,Active
INV002940,3,Active
INV002941,5,Active
INV002942,9,Active
INV002943,5,Active
INV002944,3,Active
INV002945,8,Active
INV002946,3,Active
INV002947,7,Active
INV002948,2,Inactive
INV002949,4,Active
INV002950,8,Active
INV002951,7,Active
INV002952,2,Inactive
INV002953,4,Active
INV002954,4,Active
INV002955,1,Inactive
INV002956,4,Active
INV002957,5,Active
INV002958,1,Inactive
INV002959,2,Inactive
INV002960,1,Inactive
INV002961,7,Active
INV002962,1,Inactive
INV002963,2,Inactive
INV002964,5,Active
INV002966,5,Active
INV002967,3,Active
INV002968,5,Active
INV002969,3,Active
INV002970,1,Inactive
INV002971,2,Inactive
INV002972,1,Inactive
INV002973,4,Active
INV002974,7,Active
INV002975,3,Active
INV002976,1,Inactive
INV002977,4,Active
INV002978,3,Active
INV002979,4,Active
INV002980,5,Active
INV002982,4,Active
INV002983,1,Inactive
INV002984,6,Active
INV002985,3,Active
INV002986,2,Inactive
INV002988,1,Inactive
INV002989,6,Active
INV002990,1,Inactive
INV002991,2,Inactive
INV002992,3,Active
INV002993,4,Active
INV002994,7,Active
INV002995,1,Inactive
INV002996,5,Active
INV002997,5,Active
INV002998,2,Inactive
INV002999,1,Inactive
INV003000,7,Active
INV003001,1,Inactive
INV003002,5,Active
INV003003,9,Active
INV003004,5,Active
INV003005,8,Active
INV003006,1,Inactive
INV003007,9,Active
INV003008,3,Active
INV003009,9,Active
INV003010,5,Active
INV003011,7,Active
INV003012,5,Active
INV003013,1,Inactive
INV003014,6,Active
INV003015,7,Active
INV003016,3,Active
INV003017,5,Active
INV003018,6,Active
INV003019,1,Inactive
INV003020,2,Inactive
INV003021,5,Active
INV003022,6,Active
INV003023,4,Active
INV003024,6,Active
INV003025,8,Active
INV003026,1,Inactive
INV003027,4,Active
INV003028,6,Active
INV003029,1,Inactive
INV003031,3,Active
INV003032,2,Inactive
INV003033,5,Active
INV003034,6,Active
INV003035,1,Inactive
INV003036,8,Active
INV003037,7,Active
INV003038,2,Inactive
INV003039,1,Inactive
INV003040,6,Active
INV003041,5,Active
INV003042,2,Inactive
INV003043,7,Active
INV003044,7,Active
INV003045,6,Active
INV003046,2,Inactive
INV003047,8,Active
INV003048,5,Active
INV003049,4,Active
INV003051,3,Active
INV003052,2,Inactive
INV003053,2,Inactive
INV003054,7,Active
INV003055,5,Active
INV003057,5,Active
INV003058,5,Active
INV003059,3,Active
INV003060,7,Active
INV003061,5,Active
INV003062,1,Inactive
INV003063,7,Active
INV003064,2,Inactive
INV003065,5,Active
INV003066,2,Inactive
INV003067,2,Inactive
INV003068,3,Active
INV003069,5,Active
INV003070,9,Active
INV003071,1,Inactive
INV003072,1,Inactive
INV003073,5,Active
INV003074,6,Active
INV003075,8,Active
INV003076,1,Inactive
INV003077,5,Active
INV003078,7,Active
INV003079,4,Active
INV003080,3,Active
INV003081,2,Inactive
INV003082,8,Active
INV003083,6,Active
INV003084,3,Active
INV003086,4,Active
INV003087,2,Inactive
INV003088,1,Inactive
INV003089,6,Active
INV003090,4,Active
INV003091,9,Active
INV003092,2,Inactive
INV003093,1,Inactive
INV003094,1,Inactive
INV003095,6,Active
INV003096,1,Inactive
INV003097,8,Active
INV003098,3,Active
INV003099,3,Active
INV003100,5,Active
INV003101,3,Active
INV003102,5,Active
INV003103,5,Active
INV003104,1,Inactive
INV003105,7,Active
INV003107,1,Inactive
INV003108,3,Active
INV003109,2,Inactive
INV003110,5,Active
INV003111,5,Active
INV003112,6,Active
INV003113,8,Active
INV003115,6,Active
INV003116,4,Active
INV003117,8,Active
INV003118,1,Inactive
INV003119,4,Active
INV003120,2,Inactive
INV003121,4,Active
INV003122,1,Inactive
INV003123,5,Active
INV003124,5,Active
INV003125,4,Active
INV003127,1,Inactive
INV003128,3,Active
INV003129,2,Inactive
INV003130,3,Active
INV003131,1,Inactive
INV003132,4,Active
INV003133,1,Inactive
INV003134,7,Active
INV003136,2,Inactive
INV003137,2,Inactive
INV003138,1,Inactive
INV003139,7,Active
INV003140,8,Active
INV003141,7,Active
INV003142,3,Active
INV003143,1,Inactive
INV003144,7,Active
INV003145,2,Inactive
INV003146,9,Active
INV003147,3,Active
INV003149,2,Inactive
INV003150,4,Active
INV003151,6,Active
INV003153,7,Active
INV003154,2,Inactive
INV003155,1,Inactive
INV003156,1,Inactive
INV003157,3,Active
INV003158,9,Active
INV003159,3,Active
INV003160,4,Active
INV003161,6,Active
INV003162,1,Inactive
INV003163,1,Inactive
INV003164,3,Active
INV003165,5,Active
INV003166,4,Active
INV003167,5,Active
INV003168,5,Active
INV003169,6,Active
INV003171,4,Active
INV003172,1,Inactive
INV003173,5,Active
INV003174,2,Inactive
INV003175,1,Inactive
INV003176,5,Active
INV003177,1,Inactive
INV003178,6,Active
INV003179,9,Active
INV003180,1,Inactive
INV003181,2,Inactive
INV003182,3,Active
INV003183,3,Active
INV003184,4,Active
INV003185,6,Active
INV003186,1,Inactive
INV003187,9,Active
INV003188,4,Active
INV003189,9,Active
INV003190,4,Active
INV003191,6,Active
INV003192,5,Active
INV003193,6,Active
INV003194,4,Active
INV003195,2,Inactive
INV003196,7,Active
INV003197,2,Inactive
INV003198,3,Active
INV003199,1,Inactive
INV003200,5,Active
INV003201,5,Active
INV003202,5,Active
INV003203,5,Active
INV003204,2,Inactive
INV003205,7,Active
INV003206,5,Active
INV003207,3,Active
INV003208,5,Active
INV003209,5,Active
INV003210,6,Active
INV003211,7,Active
INV003212,3,Active
INV003213,3,Active
INV003214,6,Active
INV003215,7,Active
INV003216,2,Inactive
INV003217,1,Inactive
INV003218,5,Active
INV003219,6,Active
INV003220,5,Active
INV003221,7,Active
INV003222,7,Active
INV003223,8,Active
INV003224,4,Active
INV003225,5,Active
INV003226,4,Active
INV003227,5,Active
INV003228,7,Active
INV003229,1,Inactive
INV003230,7,Active
INV003231,7,Active
INV003232,5,Active
INV003233,2,Inactive
INV003234,6,Active
INV003235,2,Inactive
INV003236,9,Active
INV003237,4,Active
INV003238,3,Active
INV003239,5,Active
INV003240,5,Active
INV003241,2,Inactive
INV003242,7,Active
INV003243,5,Active
INV003244,5,Active
INV003245,4,Active
INV003246,2,Inactive
INV003247,6,Active
INV003248,5,Active
INV003249,3,Active
INV003250,5,Active
INV003251,1,Inactive
INV003252,6,Active
INV003253,4,Active
INV003254,5,Active
INV003255,1,Inactive
INV003256,7,Active
INV003257,6,Active
INV003258,5,Active
INV003259,2,Inactive
INV003260,6,Active
INV003261,3,Active
INV003262,6,Active
INV003263,5,Active
INV003264,5,Active
INV003265,3,Active
INV003267,6,Active
INV003269,4,Active
INV003270,3,Active
INV003271,7,Active
INV003272,3,Active
INV003273,8,Active
INV003274,1,Inactive
INV003275,2,Inactive
INV003276,3,Active
INV003277,8,Active
INV003278,1,Inactive
INV003279,9,Active
INV003280,4,Active
INV003281,1,Inactive
INV003282,2,Inactive
INV003283,2,Inactive
INV003284,1,Inactive
INV003285,2,Inactive
INV003286,1,Inactive
INV003287,5,Active
INV003288,3,Active
INV003289,7,Active
INV003290,1,Inactive
INV003291,5,Active
INV003292,2,Inactive
INV003293,1,Inactive
INV003294,3,Active
INV003295,4,Active
INV003296,2,Inactive
INV003297,5,Active
INV003298,5,Active
INV003299,1,Inactive
INV003300,6,Active
INV003301,9,Active
INV003302,4,Active
INV003303,2,Inactive
INV003304,10,Active
INV003305,4,Active
INV003306,4,Active
INV003307,2,Inactive
INV003308,9,Active
INV003309,4,Active
INV003310,6,Active
INV003311,9,Active
INV003312,2,Inactive
INV003313,4,Active
INV003314,7,Active
INV003315,2,Inactive
INV003316,2,Inactive
INV003317,8,Active
INV003318,1,Inactive
INV003319,3,Active
INV003320,8,Active
INV003321,5,Active
INV003322,2,Inactive
INV003324,2,Inactive
INV003325,6,Active
INV003326,2,Inactive
INV003328,3,Active
INV003329,6,Active
INV003330,2,Inactive
INV003331,3,Active
INV003332,5,Active
INV003333,1,Inactive
INV003334,2,Inactive
INV003335,3,Active
INV003336,7,Active
INV003337,2,Inactive
INV003338,9,Active
INV003339,1,Inactive
INV003340,4,Active
INV003341,5,Active
INV003342,5,Active
INV003343,4,Active
INV003344,6,Active
INV003345,4,Active
INV003346,4,Active
INV003347,4,Active
INV003348,2,Inactive
INV003349,2,Inactive
INV003350,6,Active
INV003351,6,Active
INV003352,8,Active
INV003353,2,Inactive
INV003354,5,Active
INV003355,4,Active
INV003356,2,Inactive
INV003357,6,Active
INV003358,1,Inactive
INV003359,2,Inactive
INV003360,8,Active
INV003361,2,Inactive
INV003362,2,Inactive
INV003363,5,Active
INV003364,1,Inactive
INV003365,1,Inactive
INV003366,5,Active
INV003368,1,Inactive
INV003369,1,Inactive
INV003370,7,Active
INV003371,1,Inactive
INV003372,6,Active
INV003373,2,Inactive
INV003374,7,Active
INV003375,8,Active
INV003376,6,Active
INV003377,2,Inactive
INV003379,7,Active
INV003380,6,Active
INV003381,4,Active
INV003382,6,Active
INV003383,3,Active
INV003384,1,Inactive
INV003385,1,Inactive
INV003386,1,Inactive
INV003387,4,Active
INV003388,4,Active
INV003389,2,Inactive
INV003390,2,Inactive
INV003391,6,Active
INV003392,2,Inactive
INV003393,8,Active
INV003394,3,Active
INV003395,6,Active
INV003396,5,Active
INV003397,2,Inactive
INV003398,8,Active
INV003399,3,Active
INV003400,2,Inactive
INV003401,3,Active
INV003402,4,Active
INV003403,6,Active
INV003404,8,Active
INV003405,8,Active
INV003406,8,Active
INV003407,8,Active
INV003408,4,Active
INV003409,5,Active
INV003410,5,Active
INV003411,5,Active
INV003412,2,Inactive
INV003413,1,Inactive
INV003414,2,Inactive
INV003415,5,Active
INV003416,1,Inactive
INV003417,2,Inactive
INV003418,3,Active
INV003419,5,Active
INV003420,5,Active
INV003421,3,Active
INV003422,7,Active
INV003423,4,Active
INV003424,7,Active
INV003425,4,Active
INV003426,4,Active
INV003427,6,Active
INV003428,4,Active
INV003429,5,Active
INV003430,6,Active
INV003431,6,Active
INV003432,7,Active
INV003433,2,Inactive
INV003434,1,Inactive
INV003435,7,Active
INV003436,5,Active
INV003437,6,Active
INV003438,4,Active
INV003439,3,Active
INV003440,1,Inactive
INV003441,2,Inactive
INV003442,2,Inactive
INV003443,3,Active
INV003444,4,Active
INV003445,2,Inactive
INV003446,2,Inactive
INV003447,1,Inactive
INV003448,7,Active
INV003449,2,Inactive
INV003450,10,Active
INV003451,5,Active
INV003452,5,Active
INV003453,2,Inactive
INV003454,3,Active
INV003455,7,Active
INV003456,2,Inactive
INV003457,7,Active
INV003458,8,Active
INV003459,6,Active
INV003460,4,Active
INV003461,2,Inactive
INV003462,5,Active
INV003463,3,Active
INV003464,3,Active
INV003467,3,Active
INV003468,3,Active
INV003469,3,Active
INV003470,3,Active
INV003471,3,Active
INV003472,1,Inactive
INV003473,6,Active
INV003474,1,Inactive
INV003475,9,Active
INV003476,1,Inactive
INV003477,4,Active
INV003478,9,Active
INV003479,8,Active
INV003480,6,Active
INV003481,1,Inactive
INV003482,1,Inactive
INV003483,2,Inactive
INV003484,6,Active
INV003485,4,Active
INV003487,6,Active
INV003488,2,Inactive
INV003489,1,Inactive
INV003490,2,Inactive
INV003491,9,Active
INV003492,6,Active
INV003493,2,Inactive
INV003494,4,Active
INV003495,10,Active
INV003496,4,Active
INV003498,1,Inactive
INV003499,2,Inactive
INV003500,3,Active
INV003501,3,Active
INV003502,1,Inactive
INV003503,3,Active
INV003504,1,Inactive
INV003505,2,Inactive
INV003506,7,Active
INV003507,4,Active
INV003508,1,Inactive
INV003509,9,Active
INV003510,3,Active
INV003511,8,Active
INV003513,5,Active
INV003514,6,Active
INV003515,4,Active
INV003516,2,Inactive
INV003517,2,Inactive
INV003518,6,Active
INV003519,3,Active
INV003520,4,Active
INV003521,6,Active
INV003522,1,Inactive
INV003523,2,Inactive
INV003524,7,Active
INV003525,5,Active
INV003526,6,Active
INV003527,4,Active
INV003528,9,Active
INV003529,4,Active
INV003530,6,Active
INV003531,6,Active
INV003532,5,Active
INV003533,5,Active
INV003534,8,Active
INV003535,3,Active
INV003536,3,Active
INV003537,5,Active
INV003538,1,Inactive
INV003539,3,Active
INV003540,2,Inactive
INV003541,4,Active
INV003542,1,Inactive
INV003543,5,Active
INV003544,2,Inactive
INV003545,6,Active
INV003546,4,Active
INV003547,1,Inactive
INV003548,3,Active
INV003549,2,Inactive
INV003550,1,Inactive
INV003552,3,Active
INV003553,5,Active
INV003554,5,Active
INV003555,3,Active
INV003556,6,Active
INV003557,6,Active
INV003558,7,Active
INV003559,10,Active
INV003560,3,Active
INV003561,4,Active
INV003562,7,Active
INV003563,4,Active
INV003564,8,Active
INV003565,5,Active
INV003566,2,Inactive
INV003567,4,Active
INV003568,5,Active
INV003569,5,Active
INV003570,3,Active
INV003571,3,Active
INV003572,3,Active
INV003573,5,Active
INV003574,3,Active
INV003575,4,Active
INV003576,2,Inactive
INV003577,5,Active
INV003578,3,Active
INV003579,4,Active
INV003580,7,Active
INV003581,8,Active
INV003582,7,Active
INV003583,5,Active
INV003584,1,Inactive
INV003585,1,Inactive
INV003586,8,Active
INV003587,4,Active
INV003588,3,Active
INV003589,3,Active
INV003590,4,Active
INV003591,1,Inactive
INV003592,6,Active
INV003593,6,Active
INV003594,4,Active
INV003595,2,Inactive
INV003597,3,Active
INV003598,8,Active
INV003599,6,Active
INV003600,5,Active
INV003601,9,Active
INV003602,3,Active
INV003603,3,Active
INV003604,6,Active
INV003605,2,Inactive
INV003607,6,Active
INV003608,3,Active
INV003609,4,Active
INV003610,1,Inactive
INV003611,7,Active
INV003612,4,Active
INV003613,8,Active
INV003614,5,Active
INV003615,2,Inactive
INV003616,5,Active
INV003617,4,Active
INV003618,1,Inactive
INV003619,6,Active
INV003620,5,Active
INV003621,1,Inactive
INV003622,1,Inactive
INV003624,2,Inactive
INV003625,6,Active
INV003626,5,Active
INV003627,7,Active
INV003628,2,Inactive
INV003629,1,Inactive
INV003630,7,Active
INV003631,1,Inactive
INV003632,2,Inactive
INV003633,6,Active
INV003634,6,Active
INV003635,10,Active
INV003636,3,Active
INV003637,5,Active
INV003638,5,Active
INV003639,5,Active
INV003640,3,Active
INV003641,8,Active
INV003642,7,Active
INV003643,5,Active
INV003644,3,Active
INV003645,6,Active
INV003646,1,Inactive
INV003647,4,Active
INV003648,3,Active
INV003649,6,Active
INV003650,11,Active
INV003651,4,Active
INV003652,3,Active
INV003653,2,Inactive
INV003654,7,Active
INV003655,10,Active
INV003656,4,Active
INV003657,1,Inactive
INV003658,8,Active
INV003659,2,Inactive
INV003660,6,Active
INV003661,4,Active
INV003662,1,Inactive
INV003663,2,Inactive
INV003664,4,Active
INV003665,4,Active
INV003666,5,Active
INV003667,1,Inactive
INV003668,2,Inactive
INV003669,7,Active
INV003670,8,Active
INV003671,3,Active
INV003672,6,Active
INV003673,8,Active
INV003674,4,Active
INV003675,4,Active
INV003676,2,Inactive
INV003677,4,Active
INV003678,6,Active
INV003680,3,Active
INV003681,9,Active
INV003682,2,Inactive
INV003683,6,Active
INV003684,6,Active
INV003685,6,Active
INV003686,6,Active
INV003687,1,Inactive
INV003688,1,Inactive
INV003689,1,Inactive
INV003690,2,Inactive
INV003691,2,Inactive
INV003692,3,Active
INV003693,7,Active
INV003694,4,Active
INV003695,7,Active
INV003696,6,Active
INV003697,7,Active
INV003698,4,Active
INV003699,3,Active
INV003700,3,Active
INV003701,1,Inactive
INV003702,7,Active
INV003703,3,Active
INV003704,1,Inactive
INV003705,6,Active
INV003706,1,Inactive
INV003707,6,Active
INV003708,7,Active
INV003709,6,Active
INV003710,6,Active
INV003711,6,Active
INV003712,6,Active
INV003713,7,Active
INV003714,1,Inactive
INV003716,5,Active
INV003717,3,Active
INV003718,6,Active
INV003719,3,Active
INV003720,6,Active
INV003721,2,Inactive
INV003722,7,Active
INV003723,6,Active
INV003724,7,Active
INV003725,3,Active
INV003726,4,Active
INV003727,2,Inactive
INV003728,2,Inactive
INV003729,1,Inactive
INV003730,2,Inactive
INV003731,4,Active
INV003732,5,Active
INV003733,6,Active
INV003734,8,Active
INV003735,8,Active
INV003736,7,Active
INV003737,5,Active
INV003738,6,Active
INV003739,4,Active
INV003740,7,Active
INV003741,7,Active
INV003742,2,Inactive
INV003743,4,Active
INV003744,6,Active
INV003745,6,Active
INV003747,5,Active
INV003748,8,Active
INV003749,3,Active
INV003750,5,Active
INV003751,5,Active
INV003752,2,Inactive
INV003753,2,Inactive
INV003755,4,Active
INV003756,4,Active
INV003757,7,Active
INV003758,4,Active
INV003759,1,Inactive
INV003760,2,Inactive
INV003761,8,Active
INV003762,4,Active
INV003763,2,Inactive
INV003764,1,Inactive
INV003765,5,Active
INV003766,8,Active
INV003767,9,Active
INV003768,2,Inactive
INV003769,4,Active
INV003770,1,Inactive
INV003771,10,Active
INV003772,9,Active
INV003773,3,Active
INV003774,1,Inactive
INV003775,6,Active
INV003776,1,Inactive
INV003777,1,Inactive
INV003778,5,Active
INV003779,6,Active
INV003780,8,Active
INV003781,7,Active
INV003782,5,Active
INV003783,5,Active
INV003784,1,Inactive
INV003785,6,Active
INV003786,2,Inactive
INV003787,9,Active
INV003788,3,Active
INV003789,3,Active
INV003791,5,Active
INV003792,4,Active
INV003793,7,Active
INV003794,2,Inactive
INV003795,7,Active
INV003796,1,Inactive
INV003797,3,Active
INV003798,5,Active
INV003799,5,Active
INV003800,3,Active
INV003801,4,Active
INV003802,1,Inactive
INV003803,2,Inactive
INV003804,2,Inactive
INV003805,2,Inactive
INV003806,5,Active
INV003807,1,Inactive
INV003808,3,Active
INV003809,2,Inactive
INV003810,2,Inactive
INV003811,7,Active
INV003812,7,Active
INV003813,6,Active
INV003814,2,Inactive
INV003815,7,Active
INV003816,2,Inactive
INV003817,2,Inactive
INV003818,2,Inactive
INV003819,4,Active
INV003820,3,Active
INV003821,4,Active
INV003822,4,Active
INV003823,5,Active
INV003824,7,Active
INV003825,6,Active
INV003826,1,Inactive
INV003827,1,Inactive
INV003828,7,Active
INV003829,10,Active
INV003830,6,Active
INV003831,1,Inactive
INV003832,4,Active
INV003833,4,Active
INV003834,4,Active
INV003835,4,Active
INV003836,5,Active
INV003837,1,Inactive
INV003839,2,Inactive
INV003840,3,Active
INV003842,1,Inactive
INV003844,7,Active
INV003845,3,Active
INV003846,5,Active
INV003847,8,Active
INV003848,4,Active
INV003849,6,Active
INV003850,1,Inactive
INV003851,7,Active
INV003852,2,Inactive
INV003853,5,Active
INV003854,3,Active
INV003855,3,Active
INV003856,4,Active
INV003857,1,Inactive
INV003858,4,Active
INV003859,3,Active
INV003860,6,Active
INV003862,7,Active
INV003863,2,Inactive
INV003864,3,Active
INV003865,7,Active
INV003866,1,Inactive
INV003867,2,Inactive
INV003868,6,Active
INV003869,4,Active
INV003871,1,Inactive
INV003872,9,Active
INV003873,3,Active
INV003874,5,Active
INV003875,1,Inactive
INV003876,6,Active
INV003877,4,Active
INV003878,5,Active
INV003879,2,Inactive
INV003880,8,Active
INV003881,1,Inactive
INV003882,4,Active
INV003883,5,Active
INV003884,4,Active
INV003885,6,Active
INV003886,1,Inactive
INV003887,3,Active
INV003888,5,Active
INV003889,1,Inactive
INV003891,4,Active
INV003892,10,Active
INV003893,2,Inactive
INV003894,2,Inactive
INV003895,1,Inactive
INV003896,6,Active
INV003897,6,Active
INV003898,2,Inactive
INV003899,5,Active
INV003900,2,Inactive
INV003901,5,Active
INV003902,5,Active
INV003903,8,Active
INV003904,3,Active
INV003905,7,Active
INV003906,10,Active
INV003907,5,Active
INV003908,4,Active
INV003909,3,Active
INV003910,4,Active
INV003911,5,Active
INV003912,6,Active
INV003913,8,Active
INV003914,1,Inactive
INV003915,1,Inactive
INV003916,6,Active
INV003917,2,Inactive
INV003918,5,Active
INV003919,2,Inactive
INV003920,8,Active
INV003921,2,Inactive
INV003923,1,Inactive
INV003924,2,Inactive
INV003925,5,Active
INV003926,4,Active
INV003927,1,Inactive
INV003928,4,Active
INV003931,2,Inactive
INV003932,4,Active
INV003933,1,Inactive
INV003934,2,Inactive
INV003935,1,Inactive
INV003936,6,Active
INV003937,3,Active
INV003938,7,Active
INV003939,2,Inactive
INV003940,7,Active
INV003941,3,Active
INV003942,5,Active
INV003943,9,Active
INV003944,1,Inactive
INV003945,7,Active
INV003946,7,Active
INV003947,4,Active
INV003948,7,Active
INV003949,4,Active
INV003950,3,Active
INV003951,5,Active
INV003952,7,Active
INV003953,2,Inactive
INV003954,4,Active
INV003955,5,Active
INV003956,3,Active
INV003957,4,Active
INV003958,6,Active
INV003959,1,Inactive
INV003960,4,Active
INV003961,4,Active
INV003962,8,Active
INV003963,4,Active
INV003964,10,Active
INV003965,1,Inactive
INV003966,2,Inactive
INV003967,3,Active
INV003968,6,Active
INV003969,2,Inactive
INV003970,4,Active
INV003971,4,Active
INV003972,6,Active
INV003973,5,Active
INV003974,5,Active
INV003975,8,Active
INV003976,3,Active
INV003977,5,Active
INV003978,8,Active
INV003979,8,Active
INV003980,2,Inactive
INV003981,7,Active
INV003982,2,Inactive
INV003984,3,Active
INV003985,6,Active
INV003986,4,Active
INV003987,5,Active
INV003988,1,Inactive
INV003989,4,Active
INV003990,1,Inactive
INV003991,2,Inactive
INV003992,4,Active
INV003993,3,Active
INV003994,1,Inactive
INV003995,4,Active
INV003996,6,Active
INV003997,5,Active
INV003998,3,Active
INV003999,1,Inactive
INV004000,1,Inactive
INV004001,8,Active
INV004002,1,Inactive
INV004003,4,Active
INV004004,10,Active
INV004005,7,Active
INV004006,5,Active
INV004007,7,Active
INV004008,3,Active
INV004009,8,Active
INV004011,4,Active
INV004012,5,Active
INV004014,9,Active
INV004015,6,Active
INV004016,3,Active
INV004017,7,Active
INV004018,5,Active
INV004019,5,Active
INV004020,1,Inactive
INV004021,1,Inactive
INV004022,1,Inactive
INV004023,10,Active
INV004024,5,Active
INV004025,3,Active
INV004026,5,Active
INV004027,2,Inactive
INV004028,5,Active
INV004029,1,Inactive
INV004030,5,Active
INV004031,2,Inactive
INV004032,4,Active
INV004033,3,Active
INV004034,1,Inactive
INV004035,3,Active
INV004036,1,Inactive
INV004037,6,Active
INV004038,7,Active
INV004039,2,Inactive
INV004040,4,Active
INV004041,2,Inactive
INV004042,1,Inactive
INV004043,3,Active
INV004044,3,Active
INV004045,5,Active
INV004046,3,Active
INV004047,1,Inactive
INV004048,1,Inactive
INV004049,6,Active
INV004050,4,Active
INV004051,5,Active
INV004052,3,Active
INV004053,1,Inactive
INV004054,1,Inactive
INV004055,1,Inactive
INV004056,3,Active
INV004057,1,Inactive
INV004058,3,Active
INV004059,2,Inactive
INV004060,1,Inactive
INV004061,3,Active
INV004062,2,Inactive
INV004063,8,Active
INV004064,4,Active
INV004065,1,Inactive
INV004066,7,Active
INV004067,4,Active
INV004068,2,Inactive
INV004069,6,Active
INV004070,7,Active
INV004071,4,Active
INV004072,1,Inactive
INV004073,5,Active
INV004074,3,Active
INV004075,5,Active
INV004076,5,Active
INV004077,3,Active
INV004078,4,Active
INV004079,7,Active
INV004080,4,Active
INV004081,3,Active
INV004082,3,Active
INV004083,1,Inactive
INV004084,3,Active
INV004085,7,Active
INV004086,1,Inactive
INV004088,1,Inactive
INV004089,2,Inactive
INV004090,3,Active
INV004091,6,Active
INV004092,1,Inactive
INV004093,1,Inactive
INV004094,6,Active
INV004095,2,Inactive
INV004096,5,Active
INV004097,3,Active
INV004098,6,Active
INV004099,6,Active
INV004100,2,Inactive
INV004101,1,Inactive
INV004102,4,Active
INV004103,1,Inactive
INV004104,5,Active
INV004105,2,Inactive
INV004106,6,Active
INV004107,2,Inactive
INV004108,4,Active
INV004109,5,Active
INV004110,2,Inactive
INV004111,1,Inactive
INV004112,6,Active
INV004113,2,Inactive
INV004114,4,Active
INV004115,3,Active
INV004116,10,Active
INV004117,3,Active
INV004118,6,Active
INV004119,6,Active
INV004120,4,Active
INV004121,2,Inactive
INV004122,2,Inactive
INV004123,6,Active
INV004124,6,Active
INV004125,9,Active
INV004126,1,Inactive
INV004127,6,Active
INV004128,6,Active
INV004129,2,Inactive
INV004130,2,Inactive
INV004131,5,Active
INV004132,3,Active
INV004133,3,Active
INV004134,6,Active
INV004135,10,Active
INV004137,5,Active
INV004138,5,Active
INV004139,2,Inactive
INV004140,3,Active
INV004142,5,Active
INV004143,6,Active
INV004144,2,Inactive
INV004145,6,Active
INV004146,6,Active
INV004147,6,Active
INV004148,5,Active
INV004149,6,Active
INV004151,8,Active
INV004152,5,Active
INV004153,8,Active
INV004154,12,Active
INV004155,1,Inactive
INV004156,1,Inactive
INV004157,3,Active
INV004158,1,Inactive
INV004159,4,Active
INV004160,4,Active
INV004161,3,Active
INV004162,3,Active
INV004163,4,Active
INV004164,2,Inactive
INV004165,2,Inactive
INV004166,2,Inactive
INV004167,1,Inactive
INV004168,2,Inactive
INV004169,3,Active
INV004170,1,Inactive
INV004171,2,Inactive
INV004172,8,Active
INV004173,4,Active
INV004174,6,Active
INV004175,8,Active
INV004176,1,Inactive
INV004177,8,Active
INV004178,5,Active
INV004179,6,Active
INV004180,2,Inactive
INV004181,6,Active
INV004182,2,Inactive
INV004183,4,Active
INV004184,5,Active
INV004185,5,Active
INV004186,2,Inactive
INV004187,2,Inactive
INV004188,1,Inactive
INV004189,2,Inactive
INV004190,4,Active
INV004191,7,Active
INV004192,3,Active
INV004193,2,Inactive
INV004194,3,Active
INV004195,2,Inactive
INV004196,7,Active
INV004197,3,Active
INV004198,2,Inactive
INV004199,6,Active
INV004200,1,Inactive
INV004201,1,Inactive
INV004202,9,Active
INV004203,8,Active
INV004204,3,Active
INV004205,5,Active
INV004206,1,Inactive
INV004207,2,Inactive
INV004208,6,Active
INV004209,1,Inactive
INV004210,4,Active
INV004211,2,Inactive
INV004212,7,Active
INV004213,1,Inactive
INV004214,3,Active
INV004215,2,Inactive
INV004216,7,Active
INV004217,1,Inactive
INV004220,3,Active
INV004221,1,Inactive
INV004222,4,Active
INV004223,5,Active
INV004224,5,Active
INV004225,5,Active
INV004226,4,Active
INV004227,2,Inactive
INV004228,7,Active
INV004229,3,Active
INV004230,2,Inactive
INV004231,5,Active
INV004232,6,Active
INV004233,2,Inactive
INV004234,1,Inactive
INV004235,1,Inactive
INV004236,2,Inactive
INV004237,5,Active
INV004238,3,Active
INV004239,8,Active
INV004240,5,Active
INV004241,10,Active
INV004242,2,Inactive
INV004243,8,Active
INV004244,2,Inactive
INV004246,7,Active
INV004247,6,Active
INV004248,7,Active
INV004249,1,Inactive
INV004250,3,Active
INV004251,1,Inactive
INV004252,5,Active
INV004253,4,Active
INV004254,4,Active
INV004255,1,Inactive
INV004256,3,Active
INV004257,4,Active
INV004258,7,Active
INV004259,3,Active
INV004260,1,Inactive
INV004261,3,Active
INV004262,3,Active
INV004263,5,Active
INV004264,3,Active
INV004265,5,Active
INV004266,7,Active
INV004267,7,Active
INV004268,3,Active
INV004269,1,Inactive
INV004270,7,Active
INV004271,6,Active
INV004272,5,Active
INV004273,4,Active
INV004274,4,Active
INV004275,1,Inactive
INV004276,3,Active
INV004277,5,Active
INV004278,5,Active
INV004279,8,Active
INV004280,4,Active
INV004281,8,Active
INV004282,8,Active
INV004283,5,Active
INV004284,2,Inactive
INV004285,7,Active
INV004287,5,Active
INV004288,7,Active
INV004289,11,Active
INV004290,5,Active
INV004291,2,Inactive
INV004293,6,Active
INV004294,3,Active
INV004295,9,Active
INV004296,6,Active
INV004297,9,Active
INV004298,5,Active
INV004299,8,Active
INV004300,4,Active
INV004301,3,Active
INV004302,4,Active
INV004303,4,Active
INV004304,3,Active
INV004305,3,Active
INV004306,7,Active
INV004307,5,Active
INV004308,7,Active
INV004309,1,Inactive
INV004310,3,Active
INV004311,1,Inactive
INV004312,1,Inactive
INV004313,3,Active
INV004314,6,Active
INV004315,1,Inactive
INV004316,4,Active
INV004317,1,Inactive
INV004318,5,Active
INV004319,9,Active
INV004320,5,Active
INV004321,9,Active
INV004322,3,Active
INV004323,1,Inactive
INV004324,7,Active
INV004326,10,Active
INV004328,3,Active
INV004329,3,Active
INV004330,2,Inactive
INV004331,1,Inactive
INV004332,8,Active
INV004333,3,Active
INV004334,4,Active
INV004335,8,Active
INV004336,4,Active
INV004337,2,Inactive
INV004338,10,Active
INV004339,5,Active
INV004340,6,Active
INV004341,5,Active
INV004342,5,Active
INV004343,6,Active
INV004345,5,Active
INV004346,3,Active
INV004347,5,Active
INV004348,6,Active
INV004349,7,Active
INV004350,3,Active
INV004351,2,Inactive
INV004352,4,Active
INV004353,5,Active
INV004354,4,Active
INV004355,1,Inactive
INV004356,6,Active
INV004357,8,Active
INV004358,8,Active
INV004359,2,Inactive
INV004360,5,Active
INV004361,8,Active
INV004362,5,Active
INV004363,4,Active
INV004364,6,Active
INV004365,5,Active
INV004366,4,Active
INV004367,6,Active
INV004368,5,Active
INV004369,5,Active
INV004370,1,Inactive
INV004371,3,Active
INV004372,6,Active
INV004373,1,Inactive
INV004374,5,Active
INV004375,4,Active
INV004376,4,Active
INV004377,4,Active
INV004378,3,Active
INV004379,3,Active
INV004380,3,Active
INV004381,4,Active
INV004382,2,Inactive
INV004383,1,Inactive
INV004384,4,Active
INV004385,1,Inactive
INV004386,1,Inactive
INV004387,2,Inactive
INV004388,5,Active
INV004389,1,Inactive
INV004390,1,Inactive
INV004391,6,Active
INV004392,6,Active
INV004393,3,Active
INV004394,2,Inactive
INV004395,1,Inactive
INV004398,3,Active
INV004399,1,Inactive
INV004400,8,Active
INV004401,8,Active
INV004402,1,Inactive
INV004403,6,Active
INV004404,2,Inactive
INV004406,2,Inactive
INV004407,4,Active
INV004408,3,Active
INV004410,11,Active
INV004411,6,Active
INV004412,7,Active
INV004413,8,Active
INV004414,8,Active
INV004415,2,Inactive
INV004416,1,Inactive
INV004417,1,Inactive
INV004418,5,Active
INV004419,1,Inactive
INV004420,4,Active
INV004421,6,Active
INV004422,1,Inactive
INV004423,1,Inactive
INV004424,2,Inactive
INV004425,3,Active
INV004426,3,Active
INV004427,11,Active
INV004428,4,Active
INV004430,2,Inactive
INV004433,1,Inactive
INV004434,6,Active
INV004435,2,Inactive
INV004436,5,Active
INV004437,2,Inactive
INV004438,2,Inactive
INV004439,3,Active
INV004440,3,Active
INV004441,5,Active
INV004442,4,Active
INV004443,5,Active
INV004444,2,Inactive
INV004445,4,Active
INV004446,6,Active
INV004447,7,Active
INV004448,4,Active
INV004449,4,Active
INV004450,6,Active
INV004451,6,Active
INV004452,7,Active
INV004453,3,Active
INV004454,6,Active
INV004455,6,Active
INV004456,2,Inactive
INV004457,6,Active
INV004458,1,Inactive
INV004459,7,Active
INV004460,9,Active
INV004461,3,Active
INV004462,3,Active
INV004463,6,Active
INV004464,7,Active
INV004465,5,Active
INV004466,5,Active
INV004467,5,Active
INV004468,7,Active
INV004469,1,Inactive
INV004471,4,Active
INV004472,7,Active
INV004473,7,Active
INV004474,5,Active
INV004475,7,Active
INV004476,4,Active
INV004477,8,Active
INV004479,5,Active
INV004480,1,Inactive
INV004481,3,Active
INV004482,4,Active
INV004483,3,Active
INV004484,6,Active
INV004485,3,Active
INV004486,3,Active
INV004487,3,Active
INV004488,5,Active
INV004489,2,Inactive
INV004490,3,Active
INV004491,3,Active
INV004492,4,Active
INV004493,5,Active
INV004494,3,Active
INV004495,4,Active
INV004496,5,Active
INV004497,5,Active
INV004498,3,Active
INV004500,1,Inactive
INV004501,2,Inactive
INV004502,7,Active
INV004503,1,Inactive
INV004504,8,Active
INV004505,5,Active
INV004506,3,Active
INV004507,1,Inactive
INV004508,4,Active
INV004509,5,Active
INV004510,3,Active
INV004511,6,Active
INV004512,1,Inactive
INV004513,5,Active
INV004514,5,Active
INV004515,3,Active
INV004516,3,Active
INV004517,6,Active
INV004518,5,Active
INV004519,3,Active
INV004520,5,Active
INV004521,7,Active
INV004522,1,Inactive
INV004523,6,Active
INV004524,2,Inactive
INV004525,2,Inactive
INV004526,4,Active
INV004527,4,Active
INV004528,7,Active
INV004529,4,Active
INV004530,2,Inactive
INV004531,8,Active
INV004532,1,Inactive
INV004533,7,Active
INV004534,5,Active
INV004535,2,Inactive
INV004536,1,Inactive
INV004537,2,Inactive
INV004538,1,Inactive
INV004539,1,Inactive
INV004540,4,Active
INV004541,1,Inactive
INV004542,7,Active
INV004543,2,Inactive
INV004544,4,Active
INV004545,4,Active
INV004546,4,Active
INV004547,7,Active
INV004548,4,Active
INV004549,5,Active
INV004551,4,Active
INV004552,1,Inactive
INV004553,5,Active
INV004555,8,Active
INV004556,1,Inactive
INV004557,5,Active
INV004558,2,Inactive
INV004560,9,Active
INV004561,3,Active
INV004562,6,Active
INV004563,7,Active
INV004564,1,Inactive
INV004565,3,Active
INV004566,3,Active
INV004567,5,Active
INV004568,4,Active
INV004569,1,Inactive
INV004570,1,Inactive
INV004572,1,Inactive
INV004573,4,Active
INV004574,8,Active
INV004575,2,Inactive
INV004576,6,Active
INV004577,1,Inactive
INV004578,4,Active
INV004579,8,Active
INV004580,1,Inactive
INV004581,8,Active
INV004582,4,Active
INV004583,2,Inactive
INV004584,4,Active
INV004585,4,Active
INV004586,1,Inactive
INV004587,1,Inactive
INV004588,1,Inactive
INV004589,6,Active
INV004590,1,Inactive
INV004591,2,Inactive
INV004592,5,Active
INV004593,5,Active
INV004594,8,Active
INV004595,5,Active
INV004596,1,Inactive
INV004597,1,Inactive
INV004598,6,Active
INV004599,1,Inactive
INV004600,3,Active
INV004602,9,Active
INV004603,1,Inactive
INV004604,5,Active
INV004605,1,Inactive
INV004606,4,Active
INV004607,8,Active
INV004608,8,Active
INV004609,4,Active
INV004610,1,Inactive
INV004611,7,Active
INV004612,1,Inactive
INV004614,6,Active
INV004615,2,Inactive
INV004616,5,Active
INV004617,9,Active
INV004618,1,Inactive
INV004619,4,Active
INV004620,2,Inactive
INV004621,9,Active
INV004622,3,Active
INV004623,3,Active
INV004624,1,Inactive
INV004625,6,Active
INV004626,3,Active
INV004627,5,Active
INV004628,1,Inactive
INV004629,8,Active
INV004630,9,Active
INV004631,8,Active
INV004632,4,Active
INV004633,7,Active
INV004634,4,Active
INV004635,7,Active
INV004636,6,Active
INV004637,3,Active
INV004638,7,Active
INV004639,3,Active
INV004640,7,Active
INV004641,6,Active
INV004642,6,Active
INV004643,6,Active
INV004644,2,Inactive
INV004645,2,Inactive
INV004646,7,Active
INV004647,7,Active
INV004648,4,Active
INV004649,1,Inactive
INV004650,6,Active
INV004651,5,Active
INV004652,2,Inactive
INV004653,3,Active
INV004654,5,Active
INV004655,4,Active
INV004656,3,Active
INV004657,1,Inactive
INV004659,4,Active
INV004660,3,Active
INV004661,8,Active
INV004662,1,Inactive
INV004663,1,Inactive
INV004664,3,Active
INV004665,6,Active
INV004666,1,Inactive
INV004667,2,Inactive
INV004668,2,Inactive
INV004669,4,Active
INV004670,1,Inactive
INV004672,7,Active
INV004673,4,Active
INV004674,2,Inactive
INV004675,1,Inactive
INV004676,2,Inactive
INV004677,4,Active
INV004678,4,Active
INV004679,5,Active
INV004680,7,Active
INV004681,2,Inactive
INV004682,9,Active
INV004683,2,Inactive
INV004684,3,Active
INV004685,1,Inactive
INV004686,1,Inactive
INV004687,4,Active
INV004688,6,Active
INV004689,3,Active
INV004690,1,Inactive
INV004691,1,Inactive
INV004692,6,Active
INV004693,5,Active
INV004694,5,Active
INV004695,5,Active
INV004696,4,Active
INV004697,1,Inactive
INV004698,3,Active
INV004699,4,Active
INV004700,3,Active
INV004701,7,Active
INV004702,3,Active
INV004703,2,Inactive
INV004704,6,Active
INV004705,1,Inactive
INV004707,1,Inactive
INV004709,4,Active
INV004710,1,Inactive
INV004711,5,Active
INV004712,8,Active
INV004713,1,Inactive
INV004715,7,Active
INV004716,7,Active
INV004717,2,Inactive
INV004718,2,Inactive
INV004719,5,Active
INV004720,4,Active
INV004721,2,Inactive
INV004722,3,Active
INV004723,2,Inactive
INV004724,3,Active
INV004725,3,Active
INV004727,2,Inactive
INV004728,2,Inactive
INV004730,2,Inactive
INV004731,3,Active
INV004733,5,Active
INV004734,4,Active
INV004735,3,Active
INV004736,3,Active
INV004737,10,Active
INV004738,6,Active
INV004739,5,Active
INV004740,3,Active
INV004741,7,Active
INV004742,3,Active
INV004743,1,Inactive
INV004744,3,Active
INV004745,2,Inactive
INV004746,1,Inactive
INV004747,5,Active
INV004748,5,Active
INV004749,2,Inactive
INV004750,3,Active
INV004751,3,Active
INV004752,5,Active
INV004753,6,Active
INV004754,5,Active
INV004755,7,Active
INV004756,5,Active
INV004757,1,Inactive
INV004758,3,Active
INV004759,3,Active
INV004760,2,Inactive
INV004761,6,Active
INV004762,1,Inactive
INV004763,7,Active
INV004764,6,Active
INV004765,2,Inactive
INV004766,1,Inactive
INV004767,3,Active
INV004768,1,Inactive
INV004769,5,Active
INV004770,8,Active
INV004771,5,Active
INV004772,2,Inactive
INV004773,1,Inactive
INV004774,3,Active
INV004775,3,Active
INV004776,9,Active
INV004777,1,Inactive
INV004778,1,Inactive
INV004779,1,Inactive
INV004780,7,Active
INV004781,3,Active
INV004782,1,Inactive
INV004783,1,Inactive
INV004784,4,Active
INV004785,7,Active
INV004786,5,Active
INV004787,7,Active
INV004788,2,Inactive
INV004790,4,Active
INV004791,3,Active
INV004792,2,Inactive
INV004794,2,Inactive
INV004795,2,Inactive
INV004796,4,Active
INV004797,4,Active
INV004798,7,Active
INV004799,2,Inactive
INV004801,3,Active
INV004802,5,Active
INV004803,4,Active
INV004804,6,Active
INV004805,7,Active
INV004806,2,Inactive
INV004807,8,Active
INV004808,3,Active
INV004810,1,Inactive
INV004811,5,Active
INV004812,2,Inactive
INV004813,6,Active
INV004814,4,Active
INV004815,3,Active
INV004816,2,Inactive
INV004817,5,Active
INV004818,4,Active
INV004819,7,Active
INV004820,2,Inactive
INV004821,4,Active
INV004822,5,Active
INV004823,5,Active
INV004825,7,Active
INV004826,4,Active
INV004827,2,Inactive
INV004828,4,Active
INV004829,5,Active
INV004830,3,Active
INV004831,2,Inactive
INV004832,2,Inactive
INV004833,6,Active
INV004834,9,Active
INV004835,5,Active
INV004836,4,Active
INV004837,5,Active
INV004839,1,Inactive
INV004840,7,Active
INV004841,4,Active
INV004842,1,Inactive
INV004843,8,Active
INV004844,7,Active
INV004845,6,Active
INV004846,4,Active
INV004847,7,Active
INV004848,9,Active
INV004849,4,Active
INV004850,5,Active
INV004851,2,Inactive
INV004852,3,Active
INV004853,4,Active
INV004854,5,Active
INV004855,4,Active
INV004856,4,Active
INV004857,2,Inactive
INV004858,5,Active
INV004860,6,Active
INV004861,2,Inactive
INV004862,2,Inactive
INV004863,7,Active
INV004864,8,Active
INV004865,7,Active
INV004866,4,Active
INV004867,4,Active
INV004868,8,Active
INV004869,2,Inactive
INV004870,2,Inactive
INV004871,8,Active
INV004872,2,Inactive
INV004874,3,Active
INV004875,5,Active
INV004876,5,Active
INV004877,7,Active
INV004878,1,Inactive
INV004879,1,Inactive
INV004880,5,Active
INV004881,3,Active
INV004882,2,Inactive
INV004883,3,Active
INV004884,3,Active
INV004885,4,Active
INV004886,2,Inactive
INV004887,1,Inactive
INV004888,4,Active
INV004889,7,Active
INV004890,3,Active
INV004891,8,Active
INV004892,4,Active
INV004893,2,Inactive
INV004894,4,Active
INV004895,3,Active
INV004896,6,Active
INV004897,1,Inactive
INV004898,1,Inactive
INV004899,5,Active
INV004900,4,Active
INV004901,6,Active
INV004903,5,Active
INV004904,3,Active
INV004905,1,Inactive
INV004906,1,Inactive
INV004907,4,Active
INV004908,5,Active
INV004909,1,Inactive
INV004910,5,Active
INV004911,7,Active
INV004912,4,Active
INV004913,6,Active
INV004914,4,Active
INV004915,5,Active
INV004916,7,Active
INV004917,7,Active
INV004918,5,Active
INV004919,3,Active
INV004920,5,Active
INV004921,1,Inactive
INV004922,3,Active
INV004923,3,Active
INV004924,9,Active
INV004925,7,Active
INV004926,8,Active
INV004927,7,Active
INV004928,1,Inactive
INV004929,4,Active
INV004930,2,Inactive
INV004931,2,Inactive
INV004932,4,Active
INV004933,3,Active
INV004934,5,Active
INV004935,2,Inactive
INV004937,1,Inactive
INV004938,5,Active
INV004939,5,Active
INV004940,1,Inactive
INV004942,4,Active
INV004943,4,Active
INV004944,3,Active
INV004945,5,Active
INV004946,1,Inactive
INV004947,6,Active
INV004948,4,Active
INV004949,3,Active
INV004950,5,Active
INV004951,4,Active
INV004952,2,Inactive
INV004953,7,Active
INV004954,2,Inactive
INV004955,3,Active
INV004956,8,Active
INV004957,3,Active
INV004958,7,Active
INV004959,6,Active
INV004960,3,Active
INV004961,3,Active
INV004962,5,Active
INV004963,5,Active
INV004964,3,Active
INV004966,1,Inactive
INV004967,6,Active
INV004968,5,Active
INV004969,5,Active
INV004970,5,Active
INV004971,2,Inactive
INV004972,3,Active
INV004973,9,Active
INV004974,8,Active
INV004977,2,Inactive
INV004978,7,Active
INV004979,3,Active
INV004980,3,Active
INV004981,8,Active
INV004982,4,Active
INV004983,7,Active
INV004984,7,Active
INV004985,4,Active
INV004986,7,Active
INV004987,4,Active
INV004988,2,Inactive
INV004989,5,Active
INV004990,4,Active
INV004991,1,Inactive
INV004992,7,Active
INV004993,2,Inactive
INV004994,4,Active
INV004995,4,Active
INV004996,10,Active
INV004997,7,Active
INV004998,3,Active
INV004999,2,Inactive
